1,src/test/java/com/github/smartcommit/MetricsTest.java,6cc0e31,8938f8c,node
2,docs/imgs/gradle_setting.png,c1ab422,7bb36af,node
3,docs/imgs/image-20210602165205875.png,2df9fe4,712755a,node
4,docs/imgs/dependency_resolution.png,2df9fe4,7bb36af,node
5,docs/imgs/image-20210602113556766.png,81cc351,712755a,node
6,docs/imgs/build_output.png,81cc351,7bb36af,node
7,docs/STATUS.md,9cb0c62,95858be,node
8,docs/REQUIREMENTS.md,bf64b42,95858be,node
9,docs/README.md,3a6364a,95858be,node
10,docs/README.md,95e81d1,712755a,node
11,docs/README.md,79cd839,c92fc01,node
12,docs/README.md,ece284c,5306983,node
13,docs/README.md,275a25f,7bb36af,node
14,docs/README.md,e6ab60d,12ef2bb,node
15,docs/README.md,f089220,fc8071c,node
16,docs/INSTALL.md,e4a9f65,95858be,node
17,docs/INSTALL.md,21e2f50,712755a,node
18,docs/INSTALL.md,78bb5ff,c92fc01,node
19,docs/INSTALL.md,c3b3817,1dfa1a8,node
20,docs/INSTALL.md,40cd67d,7bb36af,node
21,src/test/java/com/github/smartcommit/TestReformatting.java,b873493,127fdf1,node
22,src/main/java/com/github/smartcommit/core/GroupGeneratorOld.java,4e28b10,4460dfd,node
23,src/main/java/com/github/smartcommit/core/GroupGeneratorOld.java,019d04c,125d71e,node
24,src/main/java/com/github/smartcommit/core/GroupGeneratorOld.java,a5d23ea,670b95a,node
25,src/main/java/com/github/smartcommit/model/entity/InitializerInfo.java,d85e6b6,0c74570,node
26,src/main/java/com/github/smartcommit/model/entity/InitializerInfo.java,0d3d2eb,e0601e0,node
27,src/main/java/com/github/smartcommit/core/GroupGenerator1.java,3d9accf,6f8625a,node
28,src/main/java/com/github/smartcommit/core/GroupGenerator1.java,03f0db0,b775fd1,node
29,src/main/java/com/github/smartcommit/core/GroupGenerator1.java,0794e9e,257af8f,node
30,src/main/java/com/github/smartcommit/core/GroupGenerator1.java,3e7974c,df66254,node
31,src/main/java/com/github/smartcommit/core/GroupGenerator1.java,8ef96ed,475bd33,node
32,src/main/java/com/github/smartcommit/core/GroupGenerator1.java,05f5707,244f6a8,node
33,src/main/java/com/github/smartcommit/core/GroupGenerator1.java,d468e94,82fb6c3,node
34,src/main/java/com/github/smartcommit/core/GroupGenerator1.java,000000,4460dfd,node
35,src/main/java/com/github/smartcommit/evaluation/Evaluation.java,7e233c2,5ae412b,node
36,src/main/java/com/github/smartcommit/evaluation/Evaluation.java,64016bc,531272e,node
37,src/main/java/com/github/smartcommit/evaluation/Evaluation.java,ac8191b,15eebbf,node
38,src/main/java/com/github/smartcommit/evaluation/Evaluation.java,48bb970,bdb35fb,node
39,src/main/java/com/github/smartcommit/evaluation/Evaluation.java,4b3647a,66176c4,node
40,src/main/java/com/github/smartcommit/evaluation/Evaluation.java,8eb3323,ce60623,node
41,src/main/java/com/github/smartcommit/evaluation/Evaluation.java,c2f9dba,b04b298,node
42,src/main/java/com/github/smartcommit/evaluation/Evaluation.java,0595d80,b12c548,node
43,src/main/java/com/github/smartcommit/evaluation/Evaluation.java,2fd7da1,94aaa21,node
44,src/main/java/com/github/smartcommit/evaluation/Evaluation.java,d876ad8,5bb071c,node
45,src/main/java/com/github/smartcommit/evaluation/Evaluation.java,3ec36b8,65479a0,node
46,src/main/java/com/github/smartcommit/evaluation/Evaluation.java,e2a0e8a,8938f8c,node
47,src/main/java/com/github/smartcommit/evaluation/Evaluation.java,b410403,af97dfc,node
48,src/MsgTemplate.json,adb1a6c,bf04322,node
49,src/MsgTemplate.json,dbe03f5,12c92d9,node
50,src/MsgTemplate.json,8b53e55,86113eb,node
51,src/MsgTemplate.json,1977e0d,5c77d34,node
52,lib/json-20190722.jar,6db21f6,bf04322,node
53,lib/json-20190722-sources.jar,dd9fb4b,bf04322,node
54,src/main/java/com/github/smartcommit/client/Evaluation.java,0a0405f,5f7ccb4,node
55,src/main/java/com/github/smartcommit/client/Evaluation.java,5a57720,5d4727e,node
56,src/main/java/com/github/smartcommit/client/Evaluation.java,fb8299a,fb2524f,node
57,src/main/java/com/github/smartcommit/client/Evaluation.java,9596035,753ed62,node
58,src/main/java/com/github/smartcommit/client/Evaluation.java,4bc402d,499ab9d,node
59,src/main/java/com/github/smartcommit/client/Evaluation.java,000000,e5661db,node
60,src/main/java/com/github/smartcommit/client/Evaluation.java,000000,8236b5b,node
61,src/main/java/com/github/smartcommit/intent/model/MsgClass.java,691da75,fdcc6e2,node
62,src/main/java/com/github/smartcommit/intent/model/MsgClass.java,7d8e12d,443eaf7,node
63,src/main/java/com/github/smartcommit/intent/model/MsgClass.java,beaebdc,bf04322,node
64,src/main/java/com/github/smartcommit/intent/model/MsgClass.java,000000,685216f,node
65,src/main/java/com/github/smartcommit/commitmsg/CommitMsgGenerator.java,e309ce5,b82dd52,node
66,src/main/java/com/github/smartcommit/commitmsg/CommitMsgGenerator.java,05407bc,fdcc6e2,node
67,src/main/java/com/github/smartcommit/commitmsg/CommitMsgGenerator.java,1f0e1b9,2fa32c9,node
68,src/main/java/com/github/smartcommit/commitmsg/CommitMsgGenerator.java,8755011,63f1cff,node
69,src/main/java/com/github/smartcommit/commitmsg/CommitMsgGenerator.java,e93b396,086d82f,node
70,src/main/java/com/github/smartcommit/commitmsg/CommitMsgGenerator.java,32a3038,ca97ebc,node
71,src/main/java/com/github/smartcommit/commitmsg/CommitMsgGenerator.java,c35ac31,50abf26,node
72,src/main/java/com/github/smartcommit/commitmsg/CommitMsgGenerator.java,8da734f,bf04322,node
73,src/main/java/com/github/smartcommit/commitmsg/CommitMsgGenerator.java,5b97ba7,3ae4b89,node
74,src/main/java/com/github/smartcommit/commitmsg/CommitMsgGenerator.java,94e5ad9,4f466fb,node
75,src/main/java/com/github/smartcommit/commitmsg/CommitMsgGenerator.java,d1bcf25,e310099,node
76,src/main/java/com/github/smartcommit/commitmsg/CommitMsgGenerator.java,05fa868,86113eb,node
77,src/main/java/com/github/smartcommit/commitmsg/CommitMsgGenerator.java,e2676f8,646a8e9,node
78,src/main/java/com/github/smartcommit/commitmsg/CommitMsgGenerator.java,6f20db2,75ddbde,node
79,src/main/java/com/github/smartcommit/commitmsg/CommitMsgGenerator.java,6c804bd,1cd8ab4,node
80,src/main/java/com/github/smartcommit/commitmsg/CommitMsgGenerator.java,47f43ab,3577683,node
81,src/main/java/com/github/smartcommit/commitmsg/CommitMsgGenerator.java,9aabfbe,192dc91,node
82,src/main/java/com/github/smartcommit/commitmsg/CommitMsgGenerator.java,f601f28,71a4057,node
83,src/main/java/com/github/smartcommit/commitmsg/CommitMsgGenerator.java,19d142d,be76099,node
84,src/main/java/com/github/smartcommit/commitmsg/CommitMsgGenerator.java,5becee9,b4a48fe,node
85,src/main/java/com/github/smartcommit/commitmsg/CommitMsgGenerator.java,c948492,5c77d34,node
86,src/main/java/com/github/smartcommit/commitmsg/CommitMsgGenerator.java,b8dcfd9,d517a10,node
87,src/main/java/com/github/smartcommit/commitmsg/CommitMsgGenerator.java,385468e,a8801a8,node
88,src/main/java/com/github/smartcommit/commitmsg/CommitMsgGenerator.java,cec4cec,51bdeb9,node
89,src/main/java/com/github/smartcommit/commitmsg/CommitMsgGenerator.java,536a075,ec79569,node
90,src/main/java/com/github/smartcommit/commitmsg/CommitMsgGenerator.java,8fb3c5a,3414e60,node
91,src/main/java/com/github/smartcommit/commitmsg/CommitMsgGenerator.java,c12c630,de5dca4,node
92,src/main/java/com/github/smartcommit/commitmsg/CommitMsgGenerator.java,d64b432,dda9021,node
93,src/main/java/com/github/smartcommit/commitmsg/CommitMsgGenerator.java,81b660a,eec5366,node
94,src/main/java/com/github/smartcommit/commitmsg/CommitMsgGenerator.java,63d0153,a3ea8ea,node
95,src/main/java/com/github/smartcommit/commitmsg/CommitMsgGenerator.java,d1f6127,090898a,node
96,src/main/java/com/github/smartcommit/commitmsg/CommitMsgGenerator.java,2aa8c7a,549f180,node
97,src/main/java/com/github/smartcommit/commitmsg/CommitMsgGenerator.java,8f384cc,2673ebe,node
98,src/main/java/com/github/smartcommit/commitmsg/CommitMsgGenerator.java,276f13d,0320082,node
99,src/main/java/com/github/smartcommit/commitmsg/CommitMsgGenerator.java,2676ea0,4307714,node
100,src/main/java/com/github/smartcommit/commitmsg/CommitMsgGenerator.java,c1299bc,7ef18c1,node
101,src/main/java/com/github/smartcommit/commitmsg/CommitMsgGenerator.java,9218fd5,3bc6249,node
102,src/main/java/com/github/smartcommit/commitmsg/CommitMsgGenerator.java,000000,685216f,node
103,src/main/java/com/github/smartcommit/model/constant/Operation.java,0eb8265,3a36f01,node
104,src/main/java/com/github/smartcommit/model/constant/Operation.java,956ebbf,8027aef,node
105,src/main/java/com/github/smartcommit/model/constant/Operation.java,ddad819,97059cc,node
106,src/main/java/com/github/smartcommit/model/constant/Operation.java,3d15dcc,682eef0,node
107,src/main/java/com/github/smartcommit/model/constant/Operation.java,a9f861b,63f1cff,node
108,src/main/java/com/github/smartcommit/model/constant/Operation.java,03cf39c,899aca6,node
109,src/main/java/com/github/smartcommit/model/constant/Operation.java,2adfea7,c679f0f,node
110,src/main/java/com/github/smartcommit/model/constant/Operation.java,90a3c6b,f626363,node
111,src/main/java/com/github/smartcommit/model/Action.java,d0a1ed1,3a36f01,node
112,src/main/java/com/github/smartcommit/model/Action.java,e2f4326,9eb9cb8,node
113,src/main/java/com/github/smartcommit/model/Action.java,ba3f902,aa97fc4,node
114,src/main/java/com/github/smartcommit/model/Action.java,1d3daa6,81eb758,node
115,src/main/java/com/github/smartcommit/model/Action.java,3186780,1cac587,node
116,src/main/java/com/github/smartcommit/model/Action.java,784ccaa,086d82f,node
117,src/main/java/com/github/smartcommit/model/Action.java,afd84e3,63f1cff,node
118,src/main/java/com/github/smartcommit/model/Action.java,3ec794d,00a3038,node
119,src/main/java/com/github/smartcommit/model/Action.java,c92eb74,490bfa6,node
120,src/main/java/com/github/smartcommit/model/Action.java,9bbada4,ebc5fe4,node
121,src/main/java/com/github/smartcommit/model/Action.java,a31ec9d,c679f0f,node
122,src/main/java/com/github/smartcommit/util/Distance.java,9fcc0b5,c32de39,node
123,src/log4j.properties,d77374b,cf13478,node
124,src/log4j.properties,000000,eef06d2,node
125,src/log4j.properties,000000,944597b,node
126,src/main/java/com/github/smartcommit/intent/model/RefactorCodeChange.java,f49f1b5,a73dd0d,node
127,src/main/java/com/github/smartcommit/intent/model/RefactorCodeChange.java,274727b,035d28e,node
128,src/main/java/com/github/smartcommit/intent/model/RefactorCodeChange.java,24a7141,fb1efed,node
129,src/main/java/com/github/smartcommit/intent/model/RefactorCodeChange.java,3b6425d,cfb8604,node
130,src/main/java/com/github/smartcommit/intent/model/RefactorMinerAction.java,34741e7,99ede9c,node
131,src/main/java/com/github/smartcommit/intent/model/RefactorMinerAction.java,000000,685216f,node
132,src/main/java/com/github/smartcommit/core/GraphBuilder.java,6bc3a5d,b82c74f,node
133,src/main/java/com/github/smartcommit/core/GraphBuilder.java,1a39c21,24e358f,node
134,src/main/java/com/github/smartcommit/core/GraphBuilder.java,8b89d3f,a24612e,node
135,src/main/java/com/github/smartcommit/core/GraphBuilder.java,2c2ef04,60b37b7,node
136,src/main/java/com/github/smartcommit/core/GraphBuilder.java,a6b788b,f3d2d73,node
137,src/main/java/com/github/smartcommit/core/GraphBuilder.java,d7d9fd3,1c0e498,node
138,src/main/java/com/github/smartcommit/core/GraphBuilder.java,f733d6f,8cd58b0,node
139,src/main/java/com/github/smartcommit/core/GraphBuilder.java,1d5d1aa,cbd015c,node
140,src/main/java/com/github/smartcommit/core/GraphBuilder.java,80474ff,b7b67d7,node
141,src/main/java/com/github/smartcommit/core/GraphBuilder.java,646475f,219871c,node
142,src/main/java/com/github/smartcommit/core/GraphBuilder.java,a717297,3466b6a,node
143,src/main/java/com/github/smartcommit/core/GraphBuilder.java,d080f75,c8626b4,node
144,src/main/java/com/github/smartcommit/core/GraphBuilder.java,d817f72,5b43eb1,node
145,src/main/java/com/github/smartcommit/core/GraphBuilder.java,1a3d9a6,d07b8bc,node
146,src/main/java/com/github/smartcommit/core/GraphBuilder.java,ecde0cc,1b4c87f,node
147,src/main/java/com/github/smartcommit/core/GraphBuilder.java,ef02615,110a2f5,node
148,src/main/java/com/github/smartcommit/core/GraphBuilder.java,7e1ed3e,bb458f5,node
149,src/main/java/com/github/smartcommit/core/GraphBuilder.java,d07fe6b,34cfed7,node
150,src/main/java/com/github/smartcommit/core/GraphBuilder.java,806fee0,dcb9f46,node
151,src/main/java/com/github/smartcommit/core/GraphBuilder.java,db594da,2d4af59,node
152,src/main/java/com/github/smartcommit/core/GraphBuilder.java,abded49,3e85b25,node
153,src/main/java/com/github/smartcommit/core/GraphBuilder.java,427aaa4,db966ee,node
154,src/main/java/com/github/smartcommit/core/GraphBuilder.java,9b4c754,1260465,node
155,src/main/java/com/github/smartcommit/core/GraphBuilder.java,01bd85c,1b69902,node
156,src/main/java/com/github/smartcommit/core/GraphBuilder.java,3e78624,c79c76f,node
157,src/main/java/com/github/smartcommit/core/GraphBuilder.java,81e65fc,359c879,node
158,src/main/java/com/github/smartcommit/core/GraphBuilder.java,9b42c46,83e7e39,node
159,src/main/java/com/github/smartcommit/core/GraphBuilder.java,4fe359f,c3361ad,node
160,src/main/java/com/github/smartcommit/core/GraphBuilder.java,8ea4e95,45738e7,node
161,src/main/java/com/github/smartcommit/core/GraphBuilder.java,233f28d,db242d8,node
162,src/main/java/com/github/smartcommit/core/GraphBuilder.java,c2e4eff,cdbcb94,node
163,src/main/java/com/github/smartcommit/core/GraphBuilder.java,01981b4,32f3e95,node
164,src/main/java/com/github/smartcommit/core/GraphBuilder.java,b048e70,74043aa,node
165,src/main/java/com/github/smartcommit/core/GraphBuilder.java,9676456,55d137d,node
166,src/main/java/com/github/smartcommit/core/GraphBuilder.java,245c8cc,28a6e86,node
167,src/main/java/com/github/smartcommit/core/GraphBuilder.java,3a76431,ed08d6b,node
168,src/main/java/com/github/smartcommit/core/GraphBuilder.java,0d60f84,72406ea,node
169,src/main/java/com/github/smartcommit/core/GraphBuilder.java,0cf4667,63f9b51,node
170,src/main/java/com/github/smartcommit/core/GraphBuilder.java,98862f1,388a025,node
171,src/main/java/com/github/smartcommit/core/GraphBuilder.java,aa77bef,249f149,node
172,src/main/java/com/github/smartcommit/core/GraphBuilder.java,d3d5e11,2a69b45,node
173,src/main/java/com/github/smartcommit/core/GraphBuilder.java,9ba69e2,1752b46,node
174,src/main/java/com/github/smartcommit/core/GraphBuilder.java,521b47d,4569061,node
175,src/main/java/com/github/smartcommit/core/GraphBuilder.java,fb586f4,8327367,node
176,src/main/java/com/github/smartcommit/core/GraphBuilder.java,7a05e11,7d1d9fa,node
177,src/main/java/com/github/smartcommit/core/GraphBuilder.java,9906d45,9cf7742,node
178,src/main/java/com/github/smartcommit/core/GraphBuilder.java,a9c9cf9,686ba63,node
179,src/main/java/com/github/smartcommit/core/GraphBuilder.java,f9e5716,0cef54d,node
180,src/main/java/com/github/smartcommit/core/GraphBuilder.java,2a63acd,e0601e0,node
181,src/main/java/com/github/smartcommit/core/GraphBuilder.java,e4412d1,b4574db,node
182,src/main/java/com/github/smartcommit/core/GraphBuilder.java,77adbc7,6f2e314,node
183,src/main/java/com/github/smartcommit/commitmsg/AstActionType.java,23fec10,4f466fb,node
184,src/main/java/com/github/smartcommit/commitmsg/AstActionType.java,000000,685216f,node
185,src/main/java/com/github/smartcommit/core/DataCollector.java,974c965,30ca41b,node
186,src/main/java/com/github/smartcommit/core/DataCollector.java,0cab42a,52885f3,node
187,src/main/java/com/github/smartcommit/core/DataCollector.java,7e86a77,24e358f,node
188,src/main/java/com/github/smartcommit/core/DataCollector.java,35c3c04,b7b67d7,node
189,src/main/java/com/github/smartcommit/core/DataCollector.java,ce70cdb,cbd015c,node
190,src/main/java/com/github/smartcommit/core/DataCollector.java,9211425,219871c,node
191,src/main/java/com/github/smartcommit/core/DataCollector.java,000000,f63c05e,node
192,src/main/java/com/github/smartcommit/client/DataCollector.java,9211425,17856c4,node
193,src/main/java/com/github/smartcommit/client/DataCollector.java,cc5c64b,5b43eb1,node
194,src/main/java/com/github/smartcommit/client/DataCollector.java,000000,2975e8e,node
195,src/main/java/com/github/smartcommit/util/JDTService.java,a676bd9,e351b52,node
196,src/main/java/com/github/smartcommit/util/JDTService.java,f691de6,21b8f8f,node
197,src/main/java/com/github/smartcommit/util/JDTService.java,e173130,97bd6e3,node
198,src/main/java/com/github/smartcommit/util/JDTService.java,cd09fe0,f3d2d73,node
199,src/main/java/com/github/smartcommit/util/JDTService.java,9ba02b1,8cd58b0,node
200,src/main/java/com/github/smartcommit/util/JDTService.java,98b7639,c8626b4,node
201,src/main/java/com/github/smartcommit/util/JDTService.java,98d289e,273e895,node
202,src/main/java/com/github/smartcommit/util/JDTService.java,c9abd42,193dc54,node
203,src/main/java/com/github/smartcommit/util/JDTService.java,6b74c68,d07b8bc,node
204,src/main/java/com/github/smartcommit/util/JDTService.java,e77b8b8,1a4f248,node
205,src/main/java/com/github/smartcommit/util/JDTService.java,085b355,e2cedcc,node
206,src/main/java/com/github/smartcommit/util/JDTService.java,cf17fd3,34cfed7,node
207,src/main/java/com/github/smartcommit/util/JDTService.java,9e94df4,dcb9f46,node
208,src/main/java/com/github/smartcommit/util/JDTService.java,4b1c322,5857fe2,node
209,src/main/java/com/github/smartcommit/util/JDTService.java,e85a063,2cc2815,node
210,src/main/java/com/github/smartcommit/util/JDTService.java,9b07981,f41ec33,node
211,src/main/java/com/github/smartcommit/util/JDTService.java,636f26a,bb458f5,node
212,src/main/java/com/github/smartcommit/util/JDTService.java,dd6268a,db966ee,node
213,src/main/java/com/github/smartcommit/util/JDTService.java,30abf35,45b9fa7,node
214,src/main/java/com/github/smartcommit/util/JDTService.java,6144f02,c79c76f,node
215,src/main/java/com/github/smartcommit/util/JDTService.java,d5445e3,a0820d2,node
216,src/main/java/com/github/smartcommit/util/JDTService.java,ad52d88,c3361ad,node
217,src/main/java/com/github/smartcommit/util/JDTService.java,b7c76f2,45738e7,node
218,src/main/java/com/github/smartcommit/util/JDTService.java,801322a,ed08d6b,node
219,src/main/java/com/github/smartcommit/util/JDTService.java,528decf,e38666f,node
220,src/main/java/com/github/smartcommit/util/JDTService.java,b36ef51,63f9b51,node
221,src/main/java/com/github/smartcommit/util/JDTService.java,c6cba8a,a73b66b,node
222,src/main/java/com/github/smartcommit/util/JDTService.java,596f1b0,0c74570,node
223,src/main/java/com/github/smartcommit/util/JDTService.java,86f1e8a,477d92f,node
224,src/main/java/com/github/smartcommit/util/JDTService.java,5685e4f,d0867c4,node
225,src/main/java/com/github/smartcommit/util/JDTService.java,ed472cd,4c8755a,node
226,src/main/java/com/github/smartcommit/util/JDTService.java,2c68e8a,686ba63,node
227,src/main/java/com/github/smartcommit/util/JDTService.java,dff7fc3,0cef54d,node
228,src/main/java/com/github/smartcommit/util/JDTService.java,4b85608,e0601e0,node
229,src/main/java/com/github/smartcommit/util/JDTService.java,2b666d6,b4574db,node
230,src/main/java/com/github/smartcommit/util/JDTService.java,151d9c0,20b8020,node
231,src/main/java/com/github/smartcommit/util/JDTService.java,36e84dc,d1e0e0d,node
232,src/main/java/com/github/smartcommit/util/JDTService.java,0cc702d,5702948,node
233,src/main/java/com/github/smartcommit/util/JDTService.java,f6f0c32,5bb071c,node
234,src/main/java/com/github/smartcommit/intent/MongoExample.java,9450c08,4342b2a,node
235,src/main/java/com/github/smartcommit/intent/MongoExample.java,362c555,3401f6f,node
236,src/main/java/com/github/smartcommit/intent/MongoExample.java,981af36,22ef37d,node
237,src/main/java/com/github/smartcommit/intent/MongoExample.java,b8db16e,fbda3bd,node
238,src/main/java/com/github/smartcommit/intent/MongoExample.java,6238786,2b96260,node
239,src/main/java/com/github/smartcommit/intent/MongoExample.java,000000,55bcfc2,node
240,src/main/java/com/github/smartcommit/intent/MongoExample.java,000000,55fa727,node
241,src/main/java/com/github/smartcommit/intent/MongoExample.java,000000,517fb00,node
242,src/main/java/com/github/smartcommit/intent/MongoExample.java,000000,f272cc5,node
243,src/main/java/com/github/smartcommit/intent/MongoExample.java,000000,2add917,node
244,src/main/java/com/github/smartcommit/util/diffparser/unified/ParserState.java,df5dced,9376a1d,node
245,src/main/java/com/github/smartcommit/util/diffparser/unified/ParserState.java,ea74389,c92d8a5,node
246,src/main/java/com/github/smartcommit/util/diffparser/unified/ParserState.java,9c3ea8c,892852a,node
247,src/main/java/com/github/smartcommit/util/diffparser/unified/ParserState.java,151366c,3151a76,node
248,src/main/java/com/github/smartcommit/util/diffparser/unified/ParserState.java,9c2f279,1752b46,node
249,src/main/java/com/github/smartcommit/intent/ToMonogoDB.java,4f69897,1ac1b36,node
250,src/main/java/com/github/smartcommit/intent/ToMonogoDB.java,000000,24dc350,node
251,src/main/java/com/github/smartcommit/intent/ToMonogoDB.java,000000,9caacbe,node
252,lib/ph-commons-9.3.4.jar,d2ac2bc,7a47710,node
253,src/main/java/com/github/smartcommit/intent/CommandLine.java,e95bc83,1ac1b36,node
254,src/main/java/com/github/smartcommit/intent/CommandLine.java,000000,24dc350,node
255,src/main/java/com/github/smartcommit/intent/CommandLine.java,000000,9caacbe,node
256,src/main/java/com/github/smartcommit/model/EntityPool.java,1221270,1c0e498,node
257,src/main/java/com/github/smartcommit/model/EntityPool.java,e4d97c6,c8626b4,node
258,src/main/java/com/github/smartcommit/model/EntityPool.java,8e8a229,2d4af59,node
259,src/main/java/com/github/smartcommit/model/EntityPool.java,8f741f5,34cfed7,node
260,src/main/java/com/github/smartcommit/model/EntityPool.java,dfb768a,a0820d2,node
261,src/main/java/com/github/smartcommit/model/EntityPool.java,c958685,72406ea,node
262,src/main/java/com/github/smartcommit/model/EntityPool.java,84f628d,0c74570,node
263,docs/imgs/image-20210602175747210.png,84d1099,712755a,node
264,docs/imgs/toy_example.png,84d1099,7bb36af,node
265,src/main/java/com/github/smartcommit/intent/GetCommitMsg.java,8c87564,fccfd59,node
266,src/main/java/com/github/smartcommit/intent/GetCommitMsg.java,000000,4466b8c,node
267,src/main/java/com/github/smartcommit/intent/Example.java,69584a7,7a47710,node
268,src/main/java/com/github/smartcommit/intent/Example.java,4fd8965,1ac1b36,node
269,src/main/java/com/github/smartcommit/intent/Example.java,000000,f05e85d,node
270,src/main/java/com/github/smartcommit/intent/Example.java,000000,9caacbe,node
271,src/main/java/com/github/smartcommit/intent/commit-message.json,7a6f650,1ac1b36,node
272,src/main/java/com/github/smartcommit/intent/commit-message.json,000000,97059cc,node
273,lib/RefactoringMiner-1.0.jar,fc839e4,c945cfb,node
274,lib/RefactoringMiner-1.0.jar,7de7ef8,8a0f858,node
275,lib/RefactoringMiner-1.1.jar,17d7964,24dda9b,node
276,lib/RefactoringMiner-1.2.jar,c72813f,6a05871,node
277,lib/RefactoringMiner-20200418.jar,86adf6c,9685ebe,node
278,lib/RefactoringMiner-20200610.jar,3ca9af9,5982ca8,node
279,lib/RefactoringMiner-20200801.jar,8c357ec,a76a350,node
280,src/main/java/com/github/smartcommit/model/graph/EdgeType.java,c6b6abb,b82c74f,node
281,src/main/java/com/github/smartcommit/model/graph/EdgeType.java,cb2e3aa,24e358f,node
282,src/main/java/com/github/smartcommit/model/graph/EdgeType.java,0df61a3,1c0e498,node
283,src/main/java/com/github/smartcommit/model/graph/EdgeType.java,c5043e6,8cd58b0,node
284,src/main/java/com/github/smartcommit/model/graph/EdgeType.java,f2acdfc,4dd1c76,node
285,src/main/java/com/github/smartcommit/model/graph/EdgeType.java,b0756c7,219871c,node
286,src/main/java/com/github/smartcommit/model/graph/EdgeType.java,cc879c4,db966ee,node
287,gradlew,af6708f,440ecc9,node
288,gradlew,2fe81a7,4466b8c,node
289,lib/simmetrics-core-3.2.3.jar,058f336,7a47710,node
290,lib/org.eclipse.equinox.common-3.10.500.jar,3a4d808,7a47710,node
291,lib/org.eclipse.equinox.common-3.10.500.jar,000000,c945cfb,node
292,src/main/java/com/github/smartcommit/model/mergebot/Diff.java,68494f9,f522ae2,node
293,src/main/java/com/github/smartcommit/model/mergebot/Diff.java,000000,37fba36,node
294,lib/javaparser-symbol-solver-model-3.13.6.jar,fb937fc,7a47710,node
295,temp/guava/f4b3f611c4e49ecaded58dcb49262f55e56a3322/base/android/guava/src/com/google/common/collect/AbstractTable.java,d96b32b,8192ad4,node
296,temp/guava/f4b3f611c4e49ecaded58dcb49262f55e56a3322/base/android/guava/src/com/google/common/collect/AbstractTable.java,000000,945d1f0,node
297,src/main/java/com/github/smartcommit/model/entity/EnumInfo.java,4c98fa0,a0820d2,node
298,src/main/java/com/github/smartcommit/model/entity/EnumInfo.java,5ab8707,e0601e0,node
299,lib/core-2.1.3-SNAPSHOT.jar,3495ebd,7a47710,node
300,lib/commons-logging-1.2.jar,93a3b9f,7a47710,node
301,lib/gen.javaparser-2.1.3-SNAPSHOT.jar,d2d9e43,7a47710,node
302,lib/guava-27.0-jre.jar,1bdd007,7a47710,node
303,lib/client.diff-2.1.3-SNAPSHOT.jar,f44f1ab,7a47710,node
304,src/main/java/com/github/smartcommit/util/diffparser/api/model/Hunk.java,38ecdd3,9376a1d,node
305,src/main/java/com/github/smartcommit/util/diffparser/api/model/Hunk.java,d3056e3,98ea9d1,node
306,src/main/java/com/github/smartcommit/evaluation/DataMiner.java,5de25d9,5ae412b,node
307,src/main/java/com/github/smartcommit/evaluation/DataMiner.java,4b89844,5452408,node
308,src/main/java/com/github/smartcommit/evaluation/DataMiner.java,169fbff,bff21e3,node
309,src/main/java/com/github/smartcommit/evaluation/DataMiner.java,bdc0802,bdb35fb,node
310,src/main/java/com/github/smartcommit/evaluation/DataMiner.java,c1ab4ff,ed7cafd,node
311,src/main/java/com/github/smartcommit/evaluation/DataMiner.java,045bc54,66176c4,node
312,src/main/java/com/github/smartcommit/evaluation/DataMiner.java,1f1e3ed,ce60623,node
313,src/main/java/com/github/smartcommit/evaluation/DataMiner.java,b60019c,5bb071c,node
314,src/main/java/com/github/smartcommit/evaluation/DataMiner.java,4595183,65479a0,node
315,src/main/java/com/github/smartcommit/evaluation/DataMiner.java,3acdcd9,5306983,node
316,src/main/java/com/github/smartcommit/util/GitService.java,b6bb51f,c4806a1,node
317,src/main/java/com/github/smartcommit/util/GitService.java,80dc9c0,0341d50,node
318,src/main/java/com/github/smartcommit/util/GitService.java,4d52bbd,45bee80,node
319,src/main/java/com/github/smartcommit/util/GitService.java,00f719a,fb2524f,node
320,src/main/java/com/github/smartcommit/util/GitService.java,c0e396b,b9881a7,node
321,src/main/java/com/github/smartcommit/core/MemberVisitor.java,b86f870,24e358f,node
322,src/main/java/com/github/smartcommit/core/MemberVisitor.java,7b32e15,a24612e,node
323,src/main/java/com/github/smartcommit/core/MemberVisitor.java,c03a2c2,21b8f8f,node
324,src/main/java/com/github/smartcommit/core/MemberVisitor.java,95a7973,97bd6e3,node
325,src/main/java/com/github/smartcommit/core/visitor/MemberVisitor.java,f60e5cf,60b37b7,node
326,src/main/java/com/github/smartcommit/core/visitor/MemberVisitor.java,73a9ab8,f3d2d73,node
327,src/main/java/com/github/smartcommit/core/visitor/MemberVisitor.java,438f7e7,1c0e498,node
328,src/main/java/com/github/smartcommit/core/visitor/MemberVisitor.java,e461781,8cd58b0,node
329,src/main/java/com/github/smartcommit/core/visitor/MemberVisitor.java,e7ee1fa,cbd015c,node
330,src/main/java/com/github/smartcommit/core/visitor/MemberVisitor.java,4c69d30,c8626b4,node
331,src/main/java/com/github/smartcommit/core/visitor/MemberVisitor.java,4046e24,219871c,node
332,src/main/java/com/github/smartcommit/core/visitor/MemberVisitor.java,31c823d,782250a,node
333,src/main/java/com/github/smartcommit/core/visitor/MemberVisitor.java,64a6733,bb458f5,node
334,src/main/java/com/github/smartcommit/core/visitor/MemberVisitor.java,6ec9f1c,34cfed7,node
335,src/main/java/com/github/smartcommit/core/visitor/MemberVisitor.java,66454bd,c79c76f,node
336,src/main/java/com/github/smartcommit/core/visitor/MemberVisitor.java,5aaf88b,a0820d2,node
337,src/main/java/com/github/smartcommit/core/visitor/MemberVisitor.java,617bfdb,c3361ad,node
338,src/main/java/com/github/smartcommit/core/visitor/MemberVisitor.java,932cdb4,45738e7,node
339,src/main/java/com/github/smartcommit/core/visitor/MemberVisitor.java,c12c56b,7d1d9fa,node
340,src/main/java/com/github/smartcommit/core/visitor/MemberVisitor.java,15431c5,d0867c4,node
341,src/main/java/com/github/smartcommit/core/visitor/MemberVisitor.java,bd08008,3082570,node
342,src/main/java/com/github/smartcommit/core/visitor/MemberVisitor.java,d0d29e7,28a18ce,node
343,src/main/java/com/github/smartcommit/core/visitor/MemberVisitor.java,4456765,e0601e0,node
344,src/main/java/com/github/smartcommit/core/visitor/MemberVisitor.java,f74138a,5702948,node
345,settings.gradle,4bac368,440ecc9,node
346,lib/commons-codec-1.10.jar,1d7417c,7a47710,node
347,src/main/java/com/github/smartcommit/model/graph/DiffNode.java,d61a63e,910c20b,node
348,src/main/java/com/github/smartcommit/model/graph/DiffNode.java,000000,5753c37,node
349,src/main/java/com/github/smartcommit/commitmsg/RefActionType.java,1c18370,899aca6,node
350,src/main/java/com/github/smartcommit/commitmsg/RefActionType.java,e5aa6b2,4f466fb,node
351,src/main/java/com/github/smartcommit/commitmsg/RefActionType.java,000000,685216f,node
352,src/main/java/com/github/smartcommit/intent/README.md,a5144d4,61d295b,node
353,src/main/java/com/github/smartcommit/intent/README.md,4dc0957,24dc350,node
354,src/main/java/com/github/smartcommit/intent/README.md,4ed92c1,97059cc,node
355,src/main/java/com/github/smartcommit/intent/README.md,000000,55bcfc2,node
356,src/main/java/com/github/smartcommit/intent/README.md,000000,55fa727,node
357,src/main/java/com/github/smartcommit/intent/README.md,000000,517fb00,node
358,src/main/java/com/github/smartcommit/intent/README.md,000000,f272cc5,node
359,src/main/java/com/github/smartcommit/intent/README.md,000000,2add917,node
360,src/main/java/com/github/smartcommit/util/diffparser/unified/ResizingParseWindow.java,c09d2b3,9376a1d,node
361,lib/client-2.1.3-SNAPSHOT.jar,52d4ad2,7a47710,node
362,src/main/java/com/github/smartcommit/model/Side.java,7ebf618,c4806a1,node
363,src/main/java/com/github/smartcommit/model/Version.java,521fe53,2bf6417,node
364,src/main/java/com/github/smartcommit/model/Version.java,99f04cc,dcd07cb,node
365,src/main/java/com/github/smartcommit/model/constant/Version.java,ec08c7d,5bb0289,node
366,src/main/java/com/github/smartcommit/io/DiffGraphExporter.java,a920321,5753c37,node
367,src/main/java/com/github/smartcommit/io/DiffGraphExporter.java,2c0d6f7,dc16476,node
368,src/main/java/com/github/smartcommit/intent/model/ActionType.java,4d37c6a,3401f6f,node
369,src/main/java/com/github/smartcommit/intent/model/ASTOperation.java,061abb4,22ef37d,node
370,src/main/java/com/github/smartcommit/intent/model/ASTOperation.java,0cb9fa9,cfb8604,node
371,src/main/java/com/github/smartcommit/intent/model/ASTOperation.java,000000,685216f,node
372,README.md,0f72c0f,440ecc9,node
373,README.md,d91832e,5c150f2,node
374,README.md,b84a85a,e0190ee,node
375,README.md,13751cd,5bb071c,node
376,README.md,60c0f4b,95858be,node
377,README.md,7d6a7a8,9d21108,node
378,README.md,425511e,ba61f81,node
379,README.md,309d6b5,3a20902,node
380,README.md,3e0efdd,7ef2bf4,node
381,src/main/java/com/github/smartcommit/model/entity/EnumConstantInfo.java,926c49c,a0820d2,node
382,src/main/java/com/github/smartcommit/intent/pythonIntent/multi-class-classifierMongo.ipynb,e0cfdf5,33bb42e,node
383,src/main/java/com/github/smartcommit/intent/pythonIntent/multi-class-classifierMongo.ipynb,e798f5a,2b96260,node
384,src/main/java/com/github/smartcommit/intent/pythonIntent/multi-class-classifierMongo.ipynb,000000,685216f,node
385,src/main/java/com/github/smartcommit/model/ChangeType.java,10d5de3,dcd07cb,node
386,src/main/java/com/github/smartcommit/model/constant/ChangeType.java,556c941,5bb0289,node
387,src/main/java/com/github/smartcommit/model/constant/ChangeType.java,9b78fe6,388a025,node
388,src/main/java/com/github/smartcommit/util/diffparser/api/model/Range.java,e2cf1c1,9376a1d,node
389,src/main/java/com/github/smartcommit/client/DataCollector.java,197e6b3,c4806a1,node
390,src/main/java/com/github/smartcommit/client/DataCollector.java,fb9069f,2d7bd6e,node
391,src/main/java/com/github/smartcommit/client/DataCollector.java,f5b6bb7,dcd07cb,node
392,src/main/java/com/github/smartcommit/client/DataCollector.java,44e541b,5bb0289,node
393,src/main/java/com/github/smartcommit/client/DataCollector.java,a79b15c,4342b2a,node
394,src/main/java/com/github/smartcommit/client/DataCollector.java,000000,30ca41b,node
395,lib/org.eclipse.osgi-3.15.0.jar,262e662,7a47710,node
396,src/main/java/com/github/smartcommit/client/CLI.java,9c64269,b261acb,node
397,src/main/java/com/github/smartcommit/client/CLI.java,baceb1f,ce2c172,node
398,src/main/java/com/github/smartcommit/client/CLI.java,e3c5786,fced40b,node
399,src/main/java/com/github/smartcommit/client/CLI.java,03a0bf7,e0190ee,node
400,src/main/java/com/github/smartcommit/client/CLI.java,3e82716,e34d632,node
401,src/main/java/com/github/smartcommit/client/CLI.java,ecc35bf,c9a442b,node
402,src/main/java/com/github/smartcommit/client/CLI.java,25e6623,ba61f81,node
403,src/main/java/com/github/smartcommit/client/DiffAnalyzer.java,16a9133,c4806a1,node
404,src/main/java/com/github/smartcommit/core/DiffAnalyzer.java,f0af704,3cd15d3,node
405,src/main/java/com/github/smartcommit/core/DiffAnalyzer.java,c121104,0341d50,node
406,src/main/java/com/github/smartcommit/core/Neo4jDemo.java,8ad44fd,38c2547,node
407,src/main/java/com/github/smartcommit/core/Neo4jDemo.java,000000,41c73ad,node
408,src/main/java/com/github/smartcommit/core/Neo4jDemo.java,000000,687499d,node
409,src/main/java/com/github/smartcommit/core/SimpleVisitor.java,ff868ad,cf416b0,node
410,src/main/java/com/github/smartcommit/core/visitor/SimpleVisitor.java,6473e54,60b37b7,node
411,lib/commons-lang3-3.1.jar,a85e539,7a47710,node
412,src/main/java/com/github/smartcommit/model/entity/EntityInfo.java,e819080,193dc54,node
413,src/main/java/com/github/smartcommit/model/entity/EntityInfo.java,72604d4,d07b8bc,node
414,src/main/java/com/github/smartcommit/model/entity/EntityInfo.java,74a74c4,34cfed7,node
415,src/main/java/com/github/smartcommit/model/entity/EntityInfo.java,4da8469,83e7e39,node
416,src/main/java/com/github/smartcommit/model/entity/MemberInfo.java,3b16188,c3361ad,node
417,src/main/java/com/github/smartcommit/model/entity/DeclarationInfo.java,b5143b6,63f9b51,node
418,src/main/java/com/github/smartcommit/model/entity/DeclarationInfo.java,214c316,e0601e0,node
419,src/main/java/com/github/smartcommit/client/SmartCommit.java,bc30194,061b615,node
420,src/main/java/com/github/smartcommit/client/SmartCommit.java,850b8e9,6483661,node
421,src/main/java/com/github/smartcommit/client/SmartCommit.java,a99006f,ffbe968,node
422,src/main/java/com/github/smartcommit/client/SmartCommit.java,1d28b8d,2ce269d,node
423,src/main/java/com/github/smartcommit/client/SmartCommit.java,8962c11,39f4e83,node
424,src/main/java/com/github/smartcommit/client/SmartCommit.java,262d87e,76f8d1e,node
425,src/main/java/com/github/smartcommit/client/SmartCommit.java,77e86d4,e5258a0,node
426,src/main/java/com/github/smartcommit/client/SmartCommit.java,2f1f598,388a025,node
427,src/main/java/com/github/smartcommit/client/SmartCommit.java,8feee26,3ecad59,node
428,src/main/java/com/github/smartcommit/client/SmartCommit.java,745c968,c945cfb,node
429,src/main/java/com/github/smartcommit/client/SmartCommit.java,245e5fc,995882c,node
430,src/main/java/com/github/smartcommit/client/SmartCommit.java,02e1c81,3a4e3b1,node
431,src/main/java/com/github/smartcommit/client/SmartCommit.java,839fe46,a14ab58,node
432,src/main/java/com/github/smartcommit/client/SmartCommit.java,d34528f,83b65e6,node
433,src/main/java/com/github/smartcommit/client/SmartCommit.java,ca59cc0,2b93861,node
434,src/main/java/com/github/smartcommit/client/SmartCommit.java,248c46b,6d96305,node
435,src/main/java/com/github/smartcommit/client/SmartCommit.java,70cb425,7e1b1fe,node
436,src/main/java/com/github/smartcommit/client/SmartCommit.java,7ff93f0,0ade9fe,node
437,src/main/java/com/github/smartcommit/client/SmartCommit.java,dbdedb7,b82dd52,node
438,src/main/java/com/github/smartcommit/client/SmartCommit.java,170be5e,680a3a0,node
439,src/main/java/com/github/smartcommit/client/SmartCommit.java,b97753c,bd62d5c,node
440,src/main/java/com/github/smartcommit/client/SmartCommit.java,ac76151,8243e69,node
441,src/main/java/com/github/smartcommit/client/SmartCommit.java,f48ef7c,6388bf8,node
442,src/main/java/com/github/smartcommit/client/SmartCommit.java,1519442,fdcc6e2,node
443,src/main/java/com/github/smartcommit/client/SmartCommit.java,9a6ea48,839dc61,node
444,src/main/java/com/github/smartcommit/client/SmartCommit.java,3a76d5b,2fa32c9,node
445,src/main/java/com/github/smartcommit/client/SmartCommit.java,8b3e5dd,575cbf6,node
446,src/main/java/com/github/smartcommit/client/SmartCommit.java,b08d12c,20e2975,node
447,src/main/java/com/github/smartcommit/client/SmartCommit.java,a27be01,1204c6c,node
448,src/main/java/com/github/smartcommit/client/SmartCommit.java,9a84487,753ed62,node
449,src/main/java/com/github/smartcommit/client/SmartCommit.java,bcec742,50294e7,node
450,src/main/java/com/github/smartcommit/client/SmartCommit.java,e0cfbf0,2a69b45,node
451,src/main/java/com/github/smartcommit/client/SmartCommit.java,233c09a,a47bc11,node
452,src/main/java/com/github/smartcommit/client/SmartCommit.java,7e98505,3a07385,node
453,src/main/java/com/github/smartcommit/client/SmartCommit.java,8a70d25,1752b46,node
454,src/main/java/com/github/smartcommit/client/SmartCommit.java,1253867,dda9021,node
455,src/main/java/com/github/smartcommit/client/SmartCommit.java,e013c66,60f1a6b,node
456,src/main/java/com/github/smartcommit/client/SmartCommit.java,688aab8,336905b,node
457,src/main/java/com/github/smartcommit/client/SmartCommit.java,bdb22be,1d0a25d,node
458,src/main/java/com/github/smartcommit/client/SmartCommit.java,6d2f2cb,c3f0cce,node
459,src/main/java/com/github/smartcommit/client/SmartCommit.java,9852977,4460dfd,node
460,src/main/java/com/github/smartcommit/client/SmartCommit.java,fefdd70,203093e,node
461,src/main/java/com/github/smartcommit/client/SmartCommit.java,f9e5576,ab9f17c,node
462,src/main/java/com/github/smartcommit/client/SmartCommit.java,a818f73,ce2c172,node
463,src/main/java/com/github/smartcommit/client/SmartCommit.java,9b67814,3bc6249,node
464,src/main/java/com/github/smartcommit/client/SmartCommit.java,ae0ed5e,5b95973,node
465,src/main/java/com/github/smartcommit/client/SmartCommit.java,35d17a0,127fdf1,node
466,src/main/java/com/github/smartcommit/client/SmartCommit.java,cc2e13e,fced40b,node
467,src/main/java/com/github/smartcommit/client/SmartCommit.java,5c95687,e0190ee,node
468,src/main/java/com/github/smartcommit/client/SmartCommit.java,2529092,a0b97c1,node
469,src/main/java/com/github/smartcommit/client/SmartCommit.java,288d46d,c28befa,node
470,src/main/java/com/github/smartcommit/client/SmartCommit.java,5b0ce0b,e34d632,node
471,src/main/java/com/github/smartcommit/client/SmartCommit.java,8c3a00a,bc49ff2,node
472,src/main/java/com/github/smartcommit/client/SmartCommit.java,1eb09ae,c9a442b,node
473,src/main/java/com/github/smartcommit/client/SmartCommit.java,4b03df9,26cf1e7,node
474,src/main/java/com/github/smartcommit/intent/model/IntentDescription.java,eee83aa,09e0f53,node
475,src/main/java/com/github/smartcommit/intent/model/IntentDescription.java,1b363df,3bcd5d4,node
476,src/main/java/com/github/smartcommit/intent/model/IntentDescription.java,4bab7a0,cf13478,node
477,src/main/java/com/github/smartcommit/intent/model/IntentDescription.java,af21ef2,1cac587,node
478,src/main/java/com/github/smartcommit/intent/model/IntentDescription.java,a0a0498,bc1857c,node
479,src/main/java/com/github/smartcommit/intent/model/IntentDescription.java,b5c517d,910455e,node
480,src/main/java/com/github/smartcommit/intent/model/IntentDescription.java,000000,685216f,node
481,.gitignore,d3a0b49,440ecc9,node
482,.gitignore,5175dbd,140d307,node
483,gradle/wrapper/gradle-wrapper.jar,87b738c,140d307,node
484,gradle/wrapper/gradle-wrapper.jar,f3d88b1,4466b8c,node
485,src/main/java/com/github/smartcommit/intent/commit-all.json,b4f70a7,1ac1b36,node
486,src/main/java/com/github/smartcommit/intent/commit-all.json,000000,97059cc,node
487,src/main/java/com/github/smartcommit/intent/MultiThreadCommitInfoHandler.java,f4ecc13,d106794,node
488,src/main/java/com/github/smartcommit/intent/MultiThreadCommitInfoHandler.java,000000,685216f,node
489,src/main/java/com/github/smartcommit/intent/GumtreeExample.java,8fe44cb,f05e85d,node
490,src/main/java/com/github/smartcommit/intent/GumtreeExample.java,8b5b0d0,731bf65,node
491,src/main/java/com/github/smartcommit/intent/GumtreeExample.java,94c8473,a849ec4,node
492,src/main/java/com/github/smartcommit/intent/GumtreeExample.java,4eddda3,3401f6f,node
493,src/main/java/com/github/smartcommit/intent/GumtreeExample.java,af1ce89,f63c05e,node
494,src/main/java/com/github/smartcommit/intent/GumtreeExample.java,5bb2461,8192ad4,node
495,src/main/java/com/github/smartcommit/intent/GumtreeExample.java,ec14f51,22ef37d,node
496,src/main/java/com/github/smartcommit/intent/GumtreeExample.java,5dd1109,2b96260,node
497,src/main/java/com/github/smartcommit/intent/GumtreeExample.java,000000,55bcfc2,node
498,src/main/java/com/github/smartcommit/intent/GumtreeExample.java,000000,55fa727,node
499,src/main/java/com/github/smartcommit/intent/GumtreeExample.java,000000,517fb00,node
500,src/main/java/com/github/smartcommit/intent/GumtreeExample.java,000000,f272cc5,node
501,src/main/java/com/github/smartcommit/intent/GumtreeExample.java,000000,2add917,node
502,src/main/java/com/github/smartcommit/model/graph/Edge.java,4d0cc90,b82c74f,node
503,src/main/java/com/github/smartcommit/model/graph/Edge.java,9c5277a,24e358f,node
504,src/main/java/com/github/smartcommit/model/graph/Edge.java,8d58beb,ce6ea80,node
505,src/main/java/com/github/smartcommit/model/graph/Edge.java,d10de87,55d137d,node
506,lib/org.eclipse.jdt.core-3.16.0.jar,b749e51,7a47710,node
507,lib/org.eclipse.jdt.core-3.16.0.jar,000000,9dc1048,node
508,lib/org.eclipse.jdt.core-3.16.0.jar,000000,f63c05e,node
509,docs/LICENSE.txt,261eeb9,95858be,node
510,src/main/java/com/github/smartcommit/util/Utils.java,3652963,c4806a1,node
511,src/main/java/com/github/smartcommit/util/Utils.java,9152b4c,5bb0289,node
512,src/main/java/com/github/smartcommit/util/Utils.java,457e713,5857d4b,node
513,src/main/java/com/github/smartcommit/util/Utils.java,90cbcb3,5474cf7,node
514,src/main/java/com/github/smartcommit/util/Utils.java,27156bc,24e358f,node
515,src/main/java/com/github/smartcommit/util/Utils.java,a22824b,ce6ea80,node
516,src/main/java/com/github/smartcommit/util/Utils.java,76cdc5e,110a2f5,node
517,src/main/java/com/github/smartcommit/util/Utils.java,38794ff,f0afa79,node
518,src/main/java/com/github/smartcommit/util/Utils.java,ccd870e,9368f42,node
519,src/main/java/com/github/smartcommit/util/Utils.java,78bdbb9,4e0f7ff,node
520,src/main/java/com/github/smartcommit/util/Utils.java,51b02f0,5c150f2,node
521,src/main/java/com/github/smartcommit/util/Utils.java,52157fc,85f1126,node
522,src/main/java/com/github/smartcommit/util/Utils.java,82dad98,e634282,node
523,src/main/java/com/github/smartcommit/util/Utils.java,645cfb8,0172d22,node
524,src/main/java/com/github/smartcommit/util/Utils.java,1c45549,3450dbe,node
525,src/main/java/com/github/smartcommit/util/Utils.java,39c1bbf,5753c37,node
526,src/main/java/com/github/smartcommit/util/Utils.java,521c822,4acd8f3,node
527,src/main/java/com/github/smartcommit/util/Utils.java,64d169d,39f4e83,node
528,src/main/java/com/github/smartcommit/util/Utils.java,27fab12,fa5c95d,node
529,src/main/java/com/github/smartcommit/util/Utils.java,41dd6d8,c945cfb,node
530,src/main/java/com/github/smartcommit/util/Utils.java,27e83f3,6c2c9a9,node
531,src/main/java/com/github/smartcommit/util/Utils.java,4afde37,249f149,node
532,src/main/java/com/github/smartcommit/util/Utils.java,9904d48,680a3a0,node
533,src/main/java/com/github/smartcommit/util/Utils.java,03c02e8,97059cc,node
534,src/main/java/com/github/smartcommit/util/Utils.java,d7f00fc,0513a52,node
535,src/main/java/com/github/smartcommit/util/Utils.java,5a50509,3a8c4a9,node
536,src/main/java/com/github/smartcommit/util/Utils.java,0863a72,839dc61,node
537,src/main/java/com/github/smartcommit/util/Utils.java,64babae,5f7ccb4,node
538,src/main/java/com/github/smartcommit/util/Utils.java,5024947,899aca6,node
539,src/main/java/com/github/smartcommit/util/Utils.java,bd80ff3,753ed62,node
540,src/main/java/com/github/smartcommit/util/Utils.java,7a6bedc,8746d09,node
541,src/main/java/com/github/smartcommit/util/Utils.java,4d1c4aa,6f8625a,node
542,src/main/java/com/github/smartcommit/util/Utils.java,668dce4,b775fd1,node
543,src/main/java/com/github/smartcommit/util/Utils.java,5f5c7e4,df66254,node
544,src/main/java/com/github/smartcommit/util/Utils.java,22817a5,475bd33,node
545,src/main/java/com/github/smartcommit/util/Utils.java,46bdf39,4460dfd,node
546,src/main/java/com/github/smartcommit/util/Utils.java,1263a7c,4663bc7,node
547,src/main/java/com/github/smartcommit/util/Utils.java,788906a,3bc6249,node
548,src/main/java/com/github/smartcommit/util/Utils.java,5c6faa6,d10eb57,node
549,src/main/java/com/github/smartcommit/util/Utils.java,02ddb3f,127fdf1,node
550,src/main/java/com/github/smartcommit/util/Utils.java,b534cfe,b9881a7,node
551,src/main/java/com/github/smartcommit/util/Utils.java,5ceea51,d7bac91,node
552,src/main/java/com/github/smartcommit/util/Utils.java,cd25778,c679f0f,node
553,src/main/java/com/github/smartcommit/util/Utils.java,85b7dbe,ea4d7df,node
554,src/main/java/com/github/smartcommit/util/Utils.java,05dd0d0,457a615,node
555,src/main/java/com/github/smartcommit/util/Utils.java,69c5dbd,670b95a,node
556,src/main/java/com/github/smartcommit/util/Utils.java,12442a5,6f2e314,node
557,lib/classindex-3.8.jar,ae53f20,7a47710,node
558,src/main/java/com/github/smartcommit/util/GitServiceJGit.java,3f649be,c4806a1,node
559,src/main/java/com/github/smartcommit/util/GitServiceJGit.java,6f23144,0341d50,node
560,src/main/java/com/github/smartcommit/util/GitServiceJGit.java,5382d7f,45bee80,node
561,src/main/java/com/github/smartcommit/util/GitServiceJGit.java,7188fe1,fb2524f,node
562,src/main/java/com/github/smartcommit/util/GitServiceJGit.java,b200871,b9881a7,node
563,gradle/wrapper/gradle-wrapper.properties,b8e75a7,140d307,node
564,gradle/wrapper/gradle-wrapper.properties,ba94df8,4466b8c,node
565,gradle/wrapper/gradle-wrapper.properties,f1ea495,bf04322,node
566,gradle/wrapper/gradle-wrapper.properties,7844e04,7c9689a,node
567,src/main/java/com/github/smartcommit/intent/CommitInfoHandlerParallel.java,3c9b512,2b96260,node
568,src/main/java/com/github/smartcommit/intent/CommitInfoHandlerParallel.java,b0afa15,67c3b4a,node
569,src/main/java/com/github/smartcommit/intent/CommitInfoHandlerParallel.java,9ef7b6c,99ede9c,node
570,src/main/java/com/github/smartcommit/intent/CommitInfoHandlerParallel.java,f2425d2,cfb8604,node
571,src/main/java/com/github/smartcommit/intent/CommitInfoHandlerParallel.java,2eef972,50abf26,node
572,src/main/java/com/github/smartcommit/intent/CommitInfoHandlerParallel.java,000000,dd464c8,node
573,src/main/java/com/github/smartcommit/intent/GetLabel.java,498f2a7,1ac1b36,node
574,src/main/java/com/github/smartcommit/intent/GetLabel.java,000000,24dc350,node
575,src/main/java/com/github/smartcommit/intent/GetLabel.java,000000,9caacbe,node
576,src/main/java/com/github/smartcommit/client/Main.java,97496bd,3cd15d3,node
577,src/main/java/com/github/smartcommit/client/Main.java,38283e9,3b85a1e,node
578,src/main/java/com/github/smartcommit/client/Main.java,f220274,27a71f7,node
579,src/main/java/com/github/smartcommit/client/Main.java,8b048aa,bc8d895,node
580,src/main/java/com/github/smartcommit/client/Main.java,c4a9d6a,dcd07cb,node
581,src/main/java/com/github/smartcommit/client/Main.java,55d2aaa,977cb37,node
582,src/main/java/com/github/smartcommit/client/Main.java,12098cd,5bb0289,node
583,src/main/java/com/github/smartcommit/client/Main.java,a47650e,0341d50,node
584,src/main/java/com/github/smartcommit/client/Main.java,2abb8da,5474cf7,node
585,src/main/java/com/github/smartcommit/client/Main.java,5c31287,cf416b0,node
586,src/main/java/com/github/smartcommit/client/Main.java,844c4e4,1ac1b36,node
587,src/main/java/com/github/smartcommit/client/Main.java,6ea9f98,e351b52,node
588,src/main/java/com/github/smartcommit/client/Main.java,c1fb775,52885f3,node
589,src/main/java/com/github/smartcommit/client/Main.java,fe17420,21b8f8f,node
590,src/main/java/com/github/smartcommit/client/Main.java,0ad4ad2,60b37b7,node
591,src/main/java/com/github/smartcommit/client/Main.java,978d7e6,f3d2d73,node
592,src/main/java/com/github/smartcommit/client/Main.java,1af991b,cbd015c,node
593,src/main/java/com/github/smartcommit/client/Main.java,9aa5478,1dede17,node
594,src/main/java/com/github/smartcommit/client/Main.java,54abd1d,5b43eb1,node
595,src/main/java/com/github/smartcommit/client/Main.java,217f869,19c6ee7,node
596,src/main/java/com/github/smartcommit/client/Main.java,04bb3f3,2975e8e,node
597,src/main/java/com/github/smartcommit/client/Main.java,4e0271c,f522ae2,node
598,src/main/java/com/github/smartcommit/client/Main.java,000000,198d0af,node
599,src/main/java/com/github/smartcommit/client/Main.java,99d5762,bb458f5,node
600,src/main/java/com/github/smartcommit/client/Main.java,050c1ad,27a1b49,node
601,src/main/java/com/github/smartcommit/client/Main.java,2d699e6,37fba36,node
602,src/main/java/com/github/smartcommit/client/Main.java,22c044c,5c150f2,node
603,src/main/java/com/github/smartcommit/client/Main.java,767f2dd,dd53688,node
604,src/main/java/com/github/smartcommit/client/SpecificCommit.java,0af3d07,8d34850,node
605,src/main/java/com/github/smartcommit/client/SpecificCommit.java,c8fa911,9ab6ed1,node
606,src/main/java/com/github/smartcommit/client/SpecificCommit.java,c073e4d,910c20b,node
607,src/main/java/com/github/smartcommit/client/SpecificCommit.java,b8f5ec5,2dd5e06,node
608,src/main/java/com/github/smartcommit/client/SpecificCommit.java,4f3d93d,d44d412,node
609,src/main/java/com/github/smartcommit/client/SpecificCommit.java,cd1105c,480595f,node
610,src/main/java/com/github/smartcommit/client/SpecificCommit.java,000000,061b615,node
611,src/main/java/com/github/smartcommit/model/Description.java,d66bdc2,fc9c295,node
612,src/main/java/com/github/smartcommit/model/Description.java,9849e28,04d1baf,node
613,src/main/java/com/github/smartcommit/model/Description.java,000000,3a36f01,node
614,src/main/java/com/github/smartcommit/client/Config.java,063b828,52885f3,node
615,src/main/java/com/github/smartcommit/client/Config.java,beacb81,6b6887f,node
616,src/main/java/com/github/smartcommit/client/Config.java,3454c6b,af105fa,node
617,src/main/java/com/github/smartcommit/client/Config.java,cbf26c4,5c150f2,node
618,src/main/java/com/github/smartcommit/client/Config.java,4c58969,8d34850,node
619,src/main/java/com/github/smartcommit/client/Config.java,037ff11,dd53688,node
620,src/main/java/com/github/smartcommit/client/Config.java,9cdaf49,aaef246,node
621,src/main/java/com/github/smartcommit/client/Config.java,7edd17a,3a4e3b1,node
622,src/main/java/com/github/smartcommit/client/Config.java,ca3c43b,a14ab58,node
623,src/main/java/com/github/smartcommit/client/Config.java,2a06615,fced40b,node
624,src/main/java/com/github/smartcommit/client/Config.java,99a3147,5bb071c,node
625,src/main/java/com/github/smartcommit/client/Config.java,b9a4a25,dfe03ed,node
626,src/main/java/com/github/smartcommit/client/Config.java,3347e37,c9a442b,node
627,src/main/java/com/github/smartcommit/client/Config.java,477e598,ba61f81,node
628,build.gradle,70651f2,440ecc9,node
629,build.gradle,1b33234,dfb77fb,node
630,build.gradle,2efc9e0,6ffa3b2,node
631,build.gradle,15f6800,27a71f7,node
632,build.gradle,c7ba24d,7a47710,node
633,build.gradle,43e64d3,4342b2a,node
634,build.gradle,32bd60b,f522ae2,node
635,build.gradle,d19eba1,0cfc210,node
636,build.gradle,d0587e9,138ba5d,node
637,build.gradle,109e6c8,9376a1d,node
638,build.gradle,e79eb5b,a94da14,node
639,build.gradle,87a2ae1,81377cf,node
640,build.gradle,e53d927,5753c37,node
641,build.gradle,1d7ff91,3920f50,node
642,build.gradle,7856603,c945cfb,node
643,build.gradle,88392c4,1752b46,node
644,build.gradle,2866cde,41c73ad,node
645,build.gradle,f2f334f,ed7cafd,node
646,build.gradle,c77ccbb,9685ebe,node
647,build.gradle,7d4e605,3194e1f,node
648,build.gradle,e26cdf0,b261acb,node
649,build.gradle,9ec6fe8,b9881a7,node
650,build.gradle,63287b1,60bb33e,node
651,build.gradle,a116af3,7c9689a,node
652,build.gradle,9541fb9,9d21108,node
653,build.gradle,53b3fdc,8938f8c,node
654,build.gradle,0f494b3,39e2ce7,node
655,build.gradle,8806081,9a9f57d,node
656,build.gradle,1ffca54,8a463c2,node
657,build.gradle,e9cf0e5,44b4f58,node
658,lib/gen.jdt-2.1.3-SNAPSHOT.jar,77d0352,7a47710,node
659,src/main/java/com/github/smartcommit/model/constant/ContentType.java,994c00f,5474cf7,node
660,src/main/java/com/github/smartcommit/model/constant/ContentType.java,32f2681,3450dbe,node
661,src/main/java/com/github/smartcommit/model/constant/ContentType.java,613c326,5abc04b,node
662,src/main/java/com/github/smartcommit/intent/Keywords.md,7362066,5168615,node
663,src/main/java/com/github/smartcommit/intent/intents.md,7362066,6d86022,node
664,src/main/java/com/github/smartcommit/intent/intents.md,000000,68d7c65,node
665,lib/commons-io-2.0.1.jar,5b64b7d,7a47710,node
666,log4j.properties,d77374b,27a71f7,node
667,log4j.properties,dd9517f,eef06d2,node
668,src/main/java/com/github/smartcommit/io/TypeProvider.java,dd6a5fc,ce6ea80,node
669,src/main/java/com/github/smartcommit/io/TypeProvider.java,e6b54a2,0eaf1c2,node
670,src/main/java/com/github/smartcommit/io/TypeProvider.java,91fc959,4dd1c76,node
671,src/main/java/com/github/smartcommit/io/TypeProvider.java,2514f1a,bfe1ce0,node
672,src/main/java/com/github/smartcommit/io/TypeProvider.java,6263e27,a12c3e5,node
673,src/main/java/com/github/smartcommit/io/TypeProvider.java,4b086ef,45738e7,node
674,src/main/java/com/github/smartcommit/io/TypeProvider.java,86cc916,2d7dcc4,node
675,src/main/java/com/github/smartcommit/model/constant/FileType.java,08dfb07,d49a91a,node
676,src/main/java/com/github/smartcommit/model/constant/FileType.java,09b4a77,5c150f2,node
677,src/main/java/com/github/smartcommit/model/constant/FileType.java,e3b7987,3f8622c,node
678,src/main/java/com/github/smartcommit/model/constant/FileType.java,5eda2b9,5abc04b,node
679,src/main/java/com/github/smartcommit/model/constant/FileType.java,48d2d4a,d3b50ae,node
680,gradlew.bat,0f8d593,440ecc9,node
681,gradlew.bat,24467a1,4466b8c,node
682,temp/guava/f4b3f611c4e49ecaded58dcb49262f55e56a3322/current/android/guava/src/com/google/common/collect/AbstractTable.java,7aab1f9,8192ad4,node
683,temp/guava/f4b3f611c4e49ecaded58dcb49262f55e56a3322/current/android/guava/src/com/google/common/collect/AbstractTable.java,000000,945d1f0,node
684,src/main/java/com/github/smartcommit/model/diffgraph/DiffEdge.java,e27d64e,5753c37,node
685,src/main/java/com/github/smartcommit/model/Group.java,1de4f45,dcd07cb,node
686,src/main/java/com/github/smartcommit/model/Group.java,e4c450c,27a1b49,node
687,src/main/java/com/github/smartcommit/model/Group.java,c844e1d,910c20b,node
688,src/main/java/com/github/smartcommit/model/Group.java,20c0a11,37fba36,node
689,src/main/java/com/github/smartcommit/model/Group.java,7817141,061b615,node
690,src/main/java/com/github/smartcommit/model/Group.java,d174650,dd53688,node
691,src/main/java/com/github/smartcommit/model/Group.java,c443384,76f8d1e,node
692,src/main/java/com/github/smartcommit/model/Group.java,d251c78,4307292,node
693,src/main/java/com/github/smartcommit/model/Group.java,615d15c,423d711,node
694,src/main/java/com/github/smartcommit/model/Group.java,5b33949,c945cfb,node
695,src/main/java/com/github/smartcommit/model/Group.java,2c0dc76,6388bf8,node
696,src/main/java/com/github/smartcommit/model/Group.java,d9e6249,fdcc6e2,node
697,src/main/java/com/github/smartcommit/model/Group.java,da51c79,a195601,node
698,src/main/java/com/github/smartcommit/model/Group.java,e21163a,e0601e0,node
699,src/main/java/com/github/smartcommit/model/Group.java,ad3c302,2eedbbb,node
700,src/main/java/com/github/smartcommit/model/Group.java,e37534a,7e3d2f0,node
701,src/main/java/com/github/smartcommit/model/Group.java,f362868,9e75400,node
702,src/main/java/com/github/smartcommit/model/Group.java,bbad110,65479a0,node
703,src/main/java/com/github/smartcommit/intent/model/Action.java,a8d0c2b,22ef37d,node
704,src/main/java/com/github/smartcommit/intent/model/AstAction.java,64d341d,67c3b4a,node
705,src/main/java/com/github/smartcommit/intent/model/AstAction.java,000000,685216f,node
706,src/main/java/com/github/smartcommit/model/DiffHunk.java,4bef567,c4806a1,node
707,src/main/java/com/github/smartcommit/model/DiffHunk.java,19a841b,dcd07cb,node
708,src/main/java/com/github/smartcommit/model/DiffHunk.java,f97978d,579f1f3,node
709,src/main/java/com/github/smartcommit/model/DiffHunk.java,3791bee,5bb0289,node
710,src/main/java/com/github/smartcommit/model/DiffHunk.java,59b1915,cf416b0,node
711,src/main/java/com/github/smartcommit/model/DiffHunk.java,05946f5,cbd015c,node
712,src/main/java/com/github/smartcommit/model/DiffHunk.java,b6772c6,3401f6f,node
713,src/main/java/com/github/smartcommit/model/DiffHunk.java,b9dc174,bb458f5,node
714,src/main/java/com/github/smartcommit/model/DiffHunk.java,aa3829f,1b4c87f,node
715,src/main/java/com/github/smartcommit/model/DiffHunk.java,bf66929,37fba36,node
716,src/main/java/com/github/smartcommit/model/DiffHunk.java,5d518c9,5753c37,node
717,src/main/java/com/github/smartcommit/model/DiffHunk.java,863f6e7,dd53688,node
718,src/main/java/com/github/smartcommit/model/DiffHunk.java,692dc0a,28a6e86,node
719,src/main/java/com/github/smartcommit/model/DiffHunk.java,9562b14,a28602c,node
720,src/main/java/com/github/smartcommit/model/DiffHunk.java,cba5b52,39f4e83,node
721,src/main/java/com/github/smartcommit/model/DiffHunk.java,8acd218,388a025,node
722,src/main/java/com/github/smartcommit/model/DiffHunk.java,e190833,c945cfb,node
723,src/main/java/com/github/smartcommit/model/DiffHunk.java,157085b,fc9c295,node
724,src/main/java/com/github/smartcommit/model/DiffHunk.java,8188f84,c42237c,node
725,src/main/java/com/github/smartcommit/model/DiffHunk.java,958f550,91c975d,node
726,src/main/java/com/github/smartcommit/model/DiffHunk.java,806d032,3a36f01,node
727,src/main/java/com/github/smartcommit/model/DiffHunk.java,e6c17d7,04e94e7,node
728,src/main/java/com/github/smartcommit/model/DiffHunk.java,c009fc1,8fa4078,node
729,src/main/java/com/github/smartcommit/model/DiffHunk.java,b864d9e,e469454,node
730,src/main/java/com/github/smartcommit/model/DiffHunk.java,fca4f87,839dc61,node
731,src/main/java/com/github/smartcommit/model/DiffHunk.java,26dddfe,81eb758,node
732,src/main/java/com/github/smartcommit/client/Main.java,178d602,061b615,node
733,src/main/java/com/github/smartcommit/client/Main.java,dd93def,3a4e3b1,node
734,src/main/java/com/github/smartcommit/client/Main.java,d3b469d,0ade9fe,node
735,src/main/java/com/github/smartcommit/client/Main.java,b6474ca,b82dd52,node
736,src/main/java/com/github/smartcommit/client/Main.java,596ae73,680a3a0,node
737,src/main/java/com/github/smartcommit/client/Main.java,26d89c3,bd62d5c,node
738,src/main/java/com/github/smartcommit/client/Main.java,f8ca0cd,fdcc6e2,node
739,src/main/java/com/github/smartcommit/client/Main.java,81999c8,2fa32c9,node
740,src/main/java/com/github/smartcommit/client/Main.java,c706c48,eef06d2,node
741,src/main/java/com/github/smartcommit/client/Main.java,29b0c91,a47bc11,node
742,src/main/java/com/github/smartcommit/client/Main.java,be98edb,c3f0cce,node
743,src/main/java/com/github/smartcommit/client/Main.java,814e0a0,ab9f17c,node
744,src/main/java/com/github/smartcommit/client/Main.java,faa03a0,fced40b,node
745,src/main/java/com/github/smartcommit/client/Main.java,259a5b7,dfe03ed,node
746,src/main/java/com/github/smartcommit/client/Main.java,fcb5021,e34d632,node
747,src/main/java/com/github/smartcommit/model/entity/InterfaceInfo.java,d4424a1,c8626b4,node
748,src/main/java/com/github/smartcommit/model/entity/InterfaceInfo.java,138e173,219871c,node
749,src/main/java/com/github/smartcommit/model/entity/InterfaceInfo.java,1f20692,f41ec33,node
750,src/main/java/com/github/smartcommit/model/entity/InterfaceInfo.java,1db6ee3,e0601e0,node
751,src/main/java/com/github/smartcommit/model/graph/Node.java,77ba353,b82c74f,node
752,src/main/java/com/github/smartcommit/model/graph/Node.java,ade49ac,24e358f,node
753,src/main/java/com/github/smartcommit/model/graph/Node.java,3496ab6,ce6ea80,node
754,src/main/java/com/github/smartcommit/model/graph/Node.java,10f8a80,273e895,node
755,src/main/java/com/github/smartcommit/model/graph/Node.java,1e73eea,bb458f5,node
756,src/main/java/com/github/smartcommit/model/graph/Node.java,6bf21f0,3e85b25,node
757,src/main/java/com/github/smartcommit/model/graph/Node.java,d5d8de2,28a6e86,node
758,src/main/java/com/github/smartcommit/model/graph/Node.java,96169cb,249f149,node
759,src/main/java/com/github/smartcommit/model/graph/NodeType.java,4eb2b4f,b82c74f,node
760,src/main/java/com/github/smartcommit/model/graph/NodeType.java,1a685bc,24e358f,node
761,src/main/java/com/github/smartcommit/model/graph/NodeType.java,9b8c530,a24612e,node
762,src/main/java/com/github/smartcommit/model/graph/NodeType.java,4d36ebf,b7b67d7,node
763,src/main/java/com/github/smartcommit/model/graph/NodeType.java,84399d0,2d4af59,node
764,src/main/java/com/github/smartcommit/model/graph/NodeType.java,2926547,f41ec33,node
765,src/main/java/com/github/smartcommit/model/graph/NodeType.java,41dd1b7,45b9fa7,node
766,src/main/java/com/github/smartcommit/model/graph/NodeType.java,d4c1b5b,d0867c4,node
767,src/main/java/com/github/smartcommit/model/entity/MethodInfo.java,5f60fc8,f3d2d73,node
768,src/main/java/com/github/smartcommit/model/entity/MethodInfo.java,231166d,1c0e498,node
769,src/main/java/com/github/smartcommit/model/entity/MethodInfo.java,358cbb4,8cd58b0,node
770,src/main/java/com/github/smartcommit/model/entity/MethodInfo.java,a8d5567,193dc54,node
771,src/main/java/com/github/smartcommit/model/entity/MethodInfo.java,ef65ac4,bb458f5,node
772,src/main/java/com/github/smartcommit/model/entity/MethodInfo.java,0bb6e8c,f41ec33,node
773,src/main/java/com/github/smartcommit/model/entity/MethodInfo.java,5b3ffe7,45b9fa7,node
774,src/main/java/com/github/smartcommit/model/entity/MethodInfo.java,8ac5bcb,c3361ad,node
775,src/main/java/com/github/smartcommit/model/entity/MethodInfo.java,7109133,63f9b51,node
776,src/main/java/com/github/smartcommit/model/entity/MethodInfo.java,3abe359,e0601e0,node
777,src/main/java/com/github/smartcommit/util/JDTParser.java,76da6f7,f3d2d73,node
778,src/main/java/com/github/smartcommit/util/JDTParser.java,2508e8e,273e895,node
779,src/main/java/com/github/smartcommit/util/JDTParser.java,ef8481b,2975e8e,node
780,src/main/java/com/github/smartcommit/util/JDTParser.java,238e215,1752b46,node
781,src/main/java/com/github/smartcommit/util/NameResolver.java,de65e11,f3d2d73,node
782,src/main/java/com/github/smartcommit/util/NameResolver.java,e467a14,c8626b4,node
783,src/main/java/com/github/smartcommit/util/NameResolver.java,62cb555,a0820d2,node
784,src/main/java/com/github/smartcommit/util/NameResolver.java,587f669,45738e7,node
785,src/main/java/com/github/smartcommit/util/NameResolver.java,dde44c0,5bb071c,node
786,src/main/java/com/github/smartcommit/model/entity/ClassInfo.java,bab7670,1c0e498,node
787,src/main/java/com/github/smartcommit/model/entity/ClassInfo.java,ce598c0,c8626b4,node
788,src/main/java/com/github/smartcommit/model/entity/ClassInfo.java,be15119,219871c,node
789,src/main/java/com/github/smartcommit/model/entity/ClassInfo.java,131939a,f41ec33,node
790,src/main/java/com/github/smartcommit/model/entity/ClassInfo.java,49104f6,63f9b51,node
791,src/main/java/com/github/smartcommit/model/entity/ClassInfo.java,ef56022,d0867c4,node
792,src/main/java/com/github/smartcommit/model/entity/ClassInfo.java,b982930,e0601e0,node
793,src/main/java/com/github/smartcommit/io/GraphExporter.java,e7d76a2,ce6ea80,node
794,src/main/java/com/github/smartcommit/io/GraphExporter.java,65896b9,0eaf1c2,node
795,src/main/java/com/github/smartcommit/io/GraphExporter.java,0c7bcf9,4dd1c76,node
796,src/main/java/com/github/smartcommit/io/GraphExporter.java,c37951c,9368f42,node
797,src/main/java/com/github/smartcommit/io/GraphExporter.java,85395fb,3e85b25,node
798,src/main/java/com/github/smartcommit/io/GraphExporter.java,5e7cc33,a12c3e5,node
799,src/main/java/com/github/smartcommit/io/GraphExporter.java,e312c7b,2d7dcc4,node
800,src/main/java/com/github/smartcommit/io/GraphExporter.java,989391c,e634282,node
801,src/main/java/com/github/smartcommit/model/entity/FieldInfo.java,61aee2b,1c0e498,node
802,src/main/java/com/github/smartcommit/model/entity/FieldInfo.java,04ed4e7,8cd58b0,node
803,src/main/java/com/github/smartcommit/model/entity/FieldInfo.java,f87a93c,273e895,node
804,src/main/java/com/github/smartcommit/model/entity/FieldInfo.java,284d910,193dc54,node
805,src/main/java/com/github/smartcommit/model/entity/FieldInfo.java,bafeb1b,bb458f5,node
806,src/main/java/com/github/smartcommit/model/entity/FieldInfo.java,12a5feb,f41ec33,node
807,src/main/java/com/github/smartcommit/model/entity/FieldInfo.java,aabf0e9,c3361ad,node
808,src/main/java/com/github/smartcommit/model/entity/FieldInfo.java,d248c26,63f9b51,node
809,src/main/java/com/github/smartcommit/model/entity/FieldInfo.java,02349bf,e0601e0,node
810,src/main/java/com/github/smartcommit/model/DiffFile.java,e74c732,c4806a1,node
811,src/main/java/com/github/smartcommit/model/DiffFile.java,928c706,dcd07cb,node
812,src/main/java/com/github/smartcommit/model/DiffFile.java,28297eb,5bb0289,node
813,src/main/java/com/github/smartcommit/model/DiffFile.java,918ce6d,d49a91a,node
814,src/main/java/com/github/smartcommit/model/DiffFile.java,01416f5,0341d50,node
815,src/main/java/com/github/smartcommit/model/DiffFile.java,f4ab103,5b43eb1,node
816,src/main/java/com/github/smartcommit/model/DiffFile.java,e4e5cce,37fba36,node
817,src/main/java/com/github/smartcommit/model/DiffFile.java,dbf1311,4307292,node
818,src/main/java/com/github/smartcommit/model/DiffFile.java,eff2eeb,dd53688,node
819,src/main/java/com/github/smartcommit/model/DiffFile.java,3ec9f3d,4bc9a96,node
820,src/main/java/com/github/smartcommit/model/DiffFile.java,c882438,9ab6ed1,node
821,src/main/java/com/github/smartcommit/model/DiffFile.java,fc16309,3b5c45b,node
822,src/main/java/com/github/smartcommit/model/DiffFile.java,6a239c0,a28602c,node
823,src/main/java/com/github/smartcommit/model/DiffFile.java,55a3bea,c42237c,node
824,src/main/java/com/github/smartcommit/model/DiffFile.java,731867c,91c975d,node
825,src/main/java/com/github/smartcommit/model/DiffFile.java,c908454,66176c4,node
826,src/main/java/com/github/smartcommit/model/DiffFile.java,db1efcd,b9881a7,node
827,src/main/java/com/github/smartcommit/model/entity/HunkInfo.java,5f4ea4e,2d4af59,node
828,src/main/java/com/github/smartcommit/model/entity/HunkInfo.java,501e7c3,193dc54,node
829,src/main/java/com/github/smartcommit/model/entity/HunkInfo.java,3ef61cb,3466b6a,node
830,src/main/java/com/github/smartcommit/model/entity/HunkInfo.java,625b910,c3361ad,node
831,src/main/java/com/github/smartcommit/model/entity/HunkInfo.java,8e8fe88,63f9b51,node
832,src/main/java/com/github/smartcommit/model/entity/HunkInfo.java,b7cde35,e0601e0,node
833,src/main/java/com/github/smartcommit/intent/LabelCollector.java,aa3e7c0,24dc350,node
834,src/main/java/com/github/smartcommit/intent/LabelCollector.java,1b78d70,731bf65,node
835,src/main/java/com/github/smartcommit/intent/LabelCollector.java,2c11bc9,5168615,node
836,src/main/java/com/github/smartcommit/intent/CommitLog_GetLabelStore.java,0b3fbb5,b219bea,node
837,src/main/java/com/github/smartcommit/intent/CommitLog_GetLabelStore.java,0991c3e,6d86022,node
838,src/main/java/com/github/smartcommit/intent/CommitLog_GetLabelStore.java,43940c4,e22905f,node
839,src/main/java/com/github/smartcommit/intent/CommitLog_GetLabelStore.java,9a3ff47,a849ec4,node
840,src/main/java/com/github/smartcommit/intent/CommitLog_GetLabelStore.java,000000,198d0af,node
841,src/main/java/com/github/smartcommit/intent/CommitLog_GetLabelStore.java,4f6d31b,8192ad4,node
842,src/main/java/com/github/smartcommit/intent/CommitInfoHandler.java,0622df3,adef473,node
843,src/main/java/com/github/smartcommit/intent/CommitInfoHandler.java,c233470,2de10f8,node
844,src/main/java/com/github/smartcommit/intent/CommitInfoHandler.java,95d8377,5ec22ff,node
845,src/main/java/com/github/smartcommit/intent/CommitInfoHandler.java,7384839,945d1f0,node
846,src/main/java/com/github/smartcommit/intent/CommitInfoHandler.java,d268db8,ed5ed77,node
847,src/main/java/com/github/smartcommit/intent/CommitInfoHandler.java,e57b7a9,22ef37d,node
848,src/main/java/com/github/smartcommit/intent/CommitInfoHandler.java,bf0f365,fccfd59,node
849,src/main/java/com/github/smartcommit/intent/CommitInfoHandler.java,c1aad7e,091c215,node
850,src/main/java/com/github/smartcommit/intent/CommitInfoHandler.java,e73b141,4466b8c,node
851,src/main/java/com/github/smartcommit/intent/CommitInfoHandler.java,f375ece,fbda3bd,node
852,src/main/java/com/github/smartcommit/intent/CommitInfoHandler.java,b03d92b,b506104,node
853,src/main/java/com/github/smartcommit/intent/CommitInfoHandler.java,513138e,09e0f53,node
854,src/main/java/com/github/smartcommit/intent/CommitInfoHandler.java,c020fec,d558266,node
855,src/main/java/com/github/smartcommit/intent/CommitInfoHandler.java,e80e268,33bb42e,node
856,src/main/java/com/github/smartcommit/intent/CommitInfoHandler.java,f98fd29,e230cea,node
857,src/main/java/com/github/smartcommit/intent/CommitInfoHandler.java,17be857,3bcd5d4,node
858,src/main/java/com/github/smartcommit/intent/CommitInfoHandler.java,2986674,a73dd0d,node
859,src/main/java/com/github/smartcommit/intent/CommitInfoHandler.java,5cab319,035d28e,node
860,src/main/java/com/github/smartcommit/intent/CommitInfoHandler.java,51e68be,4654c02,node
861,src/main/java/com/github/smartcommit/intent/CommitInfoHandler.java,8226408,cf13478,node
862,src/main/java/com/github/smartcommit/intent/CommitInfoHandler.java,7c339f7,c998b20,node
863,src/main/java/com/github/smartcommit/intent/CommitInfoHandler.java,952e950,fb1efed,node
864,src/main/java/com/github/smartcommit/intent/CommitInfoHandler.java,8a83f28,97059cc,node
865,src/main/java/com/github/smartcommit/intent/CommitInfoHandler.java,7367f8f,2b96260,node
866,src/main/java/com/github/smartcommit/intent/CommitInfoHandler.java,401bc05,67c3b4a,node
867,src/main/java/com/github/smartcommit/intent/CommitInfoHandler.java,48911dc,3a8c4a9,node
868,src/main/java/com/github/smartcommit/intent/CommitInfoHandler.java,567c722,1cac587,node
869,src/main/java/com/github/smartcommit/intent/CommitInfoHandler.java,8f35275,6273640,node
870,src/main/java/com/github/smartcommit/intent/CommitInfoHandler.java,2e3e5db,50abf26,node
871,src/main/java/com/github/smartcommit/intent/CommitInfoHandler.java,57c9359,cfb8604,node
872,src/main/java/com/github/smartcommit/intent/CommitInfoHandler.java,3ae92a5,bc1857c,node
873,src/main/java/com/github/smartcommit/intent/CommitInfoHandler.java,0bb79c4,99ede9c,node
874,src/main/java/com/github/smartcommit/intent/CommitInfoHandler.java,aa1e0f6,f663c56,node
875,src/main/java/com/github/smartcommit/intent/CommitInfoHandler.java,9ac0a23,96c83dd,node
876,src/main/java/com/github/smartcommit/intent/CommitInfoHandler.java,11dfc3b,18935ef,node
877,src/main/java/com/github/smartcommit/intent/CommitInfoHandler.java,9b0e35e,8746d09,node
878,src/main/java/com/github/smartcommit/intent/CommitInfoHandler.java,5d97c59,50294e7,node
879,src/main/java/com/github/smartcommit/intent/CommitInfoHandler.java,fe884f7,4f466fb,node
880,src/main/java/com/github/smartcommit/intent/CommitInfoHandler.java,f9a7efb,62317f7,node
881,src/main/java/com/github/smartcommit/intent/CommitInfoHandler.java,740fe9c,054c475,node
882,src/main/java/com/github/smartcommit/intent/CommitInfoHandler.java,1f28865,549f180,node
883,src/main/java/com/github/smartcommit/intent/CommitInfoHandler.java,ca30301,8c58f05,node
884,src/main/java/com/github/smartcommit/intent/CommitInfoHandler.java,000000,685216f,node
885,src/main/java/com/github/smartcommit/core/visitor/MyNodeFinder.java,17469ff,1dede17,node
886,src/main/java/com/github/smartcommit/model/DiffFileStatus.java,94b16b9,c4806a1,node
887,src/main/java/com/github/smartcommit/model/DiffFileStatus.java,497e6f8,dcd07cb,node
888,src/main/java/com/github/smartcommit/model/constant/FileStatus.java,a34a1f6,5bb0289,node
889,src/main/java/com/github/smartcommit/model/constant/FileStatus.java,f24da07,9bc0f68,node
890,src/main/java/com/github/smartcommit/model/constant/FileStatus.java,26e45e7,4acd8f3,node
891,src/main/java/com/github/smartcommit/model/constant/FileStatus.java,3e7542f,e00e370,node
892,src/main/java/com/github/smartcommit/core/IdentifierVisitor.java,ecf5b26,3cd15d3,node
893,src/main/java/com/github/smartcommit/core/IdentifierVisitor.java,49ed3aa,977cb37,node
894,src/main/java/com/github/smartcommit/core/IdentifierVisitor.java,53de471,5474cf7,node
895,src/main/java/com/github/smartcommit/core/visitor/IdentifierVisitor.java,f9d551f,60b37b7,node
896,src/main/java/com/github/smartcommit/model/Location.java,b92b6c9,17856c4,node
897,src/main/java/com/github/smartcommit/model/Location.java,000000,37fba36,node
898,src/main/java/com/github/smartcommit/model/Location.java,000000,198d0af,node
899,src/main/java/com/github/smartcommit/intent/model/CommitInfo.java,2ac4462,3401f6f,node
900,src/main/java/com/github/smartcommit/intent/model/CommitInfo.java,2ef31ab,8192ad4,node
901,src/main/java/com/github/smartcommit/intent/model/CommitTrainningSample.java,02ce934,22ef37d,node
902,src/main/java/com/github/smartcommit/intent/model/CommitTrainningSample.java,10c10c0,fbda3bd,node
903,src/main/java/com/github/smartcommit/intent/model/CommitTrainningSample.java,2a2c97d,09e0f53,node
904,src/main/java/com/github/smartcommit/intent/model/CommitTrainningSample.java,e859f9a,a73dd0d,node
905,src/main/java/com/github/smartcommit/intent/model/CommitTrainingSample.java,ea87773,2b96260,node
906,src/main/java/com/github/smartcommit/intent/model/CommitTrainingSample.java,8122642,67c3b4a,node
907,src/main/java/com/github/smartcommit/intent/model/CommitTrainingSample.java,3144681,1cac587,node
908,src/main/java/com/github/smartcommit/intent/model/CommitTrainingSample.java,4e2b2b3,6273640,node
909,src/main/java/com/github/smartcommit/intent/model/CommitTrainingSample.java,b79010b,bc1857c,node
910,src/main/java/com/github/smartcommit/intent/model/CommitTrainingSample.java,7b40fd2,cfb8604,node
911,src/main/java/com/github/smartcommit/intent/model/CommitTrainingSample.java,000000,685216f,node
912,src/main/java/com/github/smartcommit/intent/model/CommitTrainingSample.java,907fdfe,99ede9c,node
913,src/main/java/com/github/smartcommit/intent/model/Intent.java,c8a8873,3401f6f,node
914,src/main/java/com/github/smartcommit/intent/model/Intent.java,bb6bc28,8192ad4,node
915,src/main/java/com/github/smartcommit/intent/model/Intent.java,89375c8,fbda3bd,node
916,src/main/java/com/github/smartcommit/intent/model/Intent.java,2a664b1,09e0f53,node
917,src/main/java/com/github/smartcommit/intent/model/Intent.java,30c54d8,d558266,node
918,src/main/java/com/github/smartcommit/intent/model/Intent.java,1ff9cfb,76dd8ba,node
919,src/main/java/com/github/smartcommit/intent/model/Intent.java,018f75f,3bcd5d4,node
920,src/main/java/com/github/smartcommit/intent/model/Intent.java,0829041,438c051,node
921,src/main/java/com/github/smartcommit/intent/model/Intent.java,e436170,bc1857c,node
922,src/main/java/com/github/smartcommit/intent/model/Intent.java,000000,685216f,node
923,src/main/java/com/github/smartcommit/util/diffparser/api/DiffParser.java,0966ef3,9376a1d,node
924,src/main/java/com/github/smartcommit/intent/model/MyAction.java,6ec3f7e,3401f6f,node
925,src/main/java/com/github/smartcommit/intent/model/MyAction.java,fb90cfc,8192ad4,node
926,src/main/java/com/github/smartcommit/intent/model/MyAction.java,000000,22ef37d,node
927,src/main/java/com/github/smartcommit/intent/model/MyAction.java,000000,5364e10,node
928,src/main/java/com/github/smartcommit/intent/model/MyAction.java,000000,b2b20b7,node
929,src/main/java/com/github/smartcommit/intent/model/MyAction.java,000000,8cf4748,node
930,src/main/java/com/github/smartcommit/intent/RefactoringMinerToy.java,45e676b,a73dd0d,node
931,src/main/java/com/github/smartcommit/intent/RefactoringMinerToy.java,0577eeb,2b96260,node
932,src/main/java/com/github/smartcommit/intent/RefactoringMinerToy.java,000000,55bcfc2,node
933,src/main/java/com/github/smartcommit/intent/RefactoringMinerToy.java,000000,55fa727,node
934,src/main/java/com/github/smartcommit/intent/RefactoringMinerToy.java,000000,517fb00,node
935,src/main/java/com/github/smartcommit/intent/RefactoringMinerToy.java,000000,f272cc5,node
936,src/main/java/com/github/smartcommit/intent/RefactoringMinerToy.java,000000,2add917,node
937,src/main/java/com/github/smartcommit/client/Test.java,54abd1d,2975e8e,node
938,src/main/java/com/github/smartcommit/client/Test.java,e22d94f,19c6ee7,node
939,src/main/java/com/github/smartcommit/client/Test.java,d5424a9,f522ae2,node
940,src/main/java/com/github/smartcommit/client/Test.java,000000,198d0af,node
941,src/main/java/com/github/smartcommit/client/Test.java,2ee7faa,dd53688,node
942,src/main/java/com/github/smartcommit/client/Test.java,000000,8d34850,node
943,temp/guava/f4b3f611c4e49ecaded58dcb49262f55e56a3322/base/guava/src/com/google/common/collect/AbstractTable.java,d411160,8192ad4,node
944,temp/guava/f4b3f611c4e49ecaded58dcb49262f55e56a3322/base/guava/src/com/google/common/collect/AbstractTable.java,000000,945d1f0,node
945,temp/guava/f4b3f611c4e49ecaded58dcb49262f55e56a3322/current/guava/src/com/google/common/collect/AbstractTable.java,6348c55,8192ad4,node
946,temp/guava/f4b3f611c4e49ecaded58dcb49262f55e56a3322/current/guava/src/com/google/common/collect/AbstractTable.java,000000,945d1f0,node
947,src/main/java/com/github/smartcommit/model/Hunk.java,6676193,c4806a1,node
948,src/main/java/com/github/smartcommit/model/Hunk.java,7ded8e1,2bf6417,node
949,src/main/java/com/github/smartcommit/model/Hunk.java,aa82f84,dcd07cb,node
950,src/main/java/com/github/smartcommit/model/Hunk.java,337039f,5bb0289,node
951,src/main/java/com/github/smartcommit/model/Hunk.java,5bfa3a4,5474cf7,node
952,src/main/java/com/github/smartcommit/model/Hunk.java,ecf3c8e,17856c4,node
953,src/main/java/com/github/smartcommit/model/Hunk.java,91db5c5,f522ae2,node
954,src/main/java/com/github/smartcommit/model/Hunk.java,ddf49dd,37fba36,node
955,src/main/java/com/github/smartcommit/model/Hunk.java,91ee150,1260465,node
956,src/main/java/com/github/smartcommit/model/Hunk.java,53d95be,4bc9a96,node
957,src/main/java/com/github/smartcommit/client/WorkingTree.java,6e95eac,8d34850,node
958,src/main/java/com/github/smartcommit/client/WorkingTree.java,3dccfca,4307292,node
959,src/main/java/com/github/smartcommit/client/WorkingTree.java,3068754,133ec1a,node
960,src/main/java/com/github/smartcommit/client/WorkingTree.java,3abba05,910c20b,node
961,src/main/java/com/github/smartcommit/client/WorkingTree.java,2b5cd91,2dd5e06,node
962,src/main/java/com/github/smartcommit/client/WorkingTree.java,7202088,d44d412,node
963,src/main/java/com/github/smartcommit/client/WorkingTree.java,701eb65,480595f,node
964,src/main/java/com/github/smartcommit/client/WorkingTree.java,000000,061b615,node
965,src/main/java/com/github/smartcommit/core/GroupGenerator.java,bcd1c71,910c20b,node
966,src/main/java/com/github/smartcommit/core/GroupGenerator.java,68f01ef,85f1126,node
967,src/main/java/com/github/smartcommit/core/GroupGenerator.java,e31ac71,04352ad,node
968,src/main/java/com/github/smartcommit/core/GroupGenerator.java,2e701bf,87e468d,node
969,src/main/java/com/github/smartcommit/core/GroupGenerator.java,e9c2e89,5753c37,node
970,src/main/java/com/github/smartcommit/core/GroupGenerator.java,367f7b8,061b615,node
971,src/main/java/com/github/smartcommit/core/GroupGenerator.java,85e51a7,fa29150,node
972,src/main/java/com/github/smartcommit/core/GroupGenerator.java,7d34905,6483661,node
973,src/main/java/com/github/smartcommit/core/GroupGenerator.java,f93721f,5d8c5e1,node
974,src/main/java/com/github/smartcommit/core/GroupGenerator.java,5dc504f,2ce269d,node
975,src/main/java/com/github/smartcommit/core/GroupGenerator.java,de2b6fa,ffbe968,node
976,src/main/java/com/github/smartcommit/core/GroupGenerator.java,afc9e6a,28a6e86,node
977,src/main/java/com/github/smartcommit/core/GroupGenerator.java,7e2406a,23fdaf1,node
978,src/main/java/com/github/smartcommit/core/GroupGenerator.java,ea487ae,0cf7987,node
979,src/main/java/com/github/smartcommit/core/GroupGenerator.java,5a5666e,80a6f9f,node
980,src/main/java/com/github/smartcommit/core/GroupGenerator.java,5e51f76,39f4e83,node
981,src/main/java/com/github/smartcommit/core/GroupGenerator.java,2e0d8d2,76f8d1e,node
982,src/main/java/com/github/smartcommit/core/GroupGenerator.java,03f7243,6c3036b,node
983,src/main/java/com/github/smartcommit/core/GroupGenerator.java,d3842e8,7211f4b,node
984,src/main/java/com/github/smartcommit/core/GroupGenerator.java,2485361,3ecad59,node
985,src/main/java/com/github/smartcommit/core/GroupGenerator.java,c253917,c945cfb,node
986,src/main/java/com/github/smartcommit/core/GroupGenerator.java,222bc67,995882c,node
987,src/main/java/com/github/smartcommit/core/GroupGenerator.java,4e1eff6,3b5c45b,node
988,src/main/java/com/github/smartcommit/core/GroupGenerator.java,195df6e,3a4e3b1,node
989,src/main/java/com/github/smartcommit/core/GroupGenerator.java,8076bdb,a14ab58,node
990,src/main/java/com/github/smartcommit/core/GroupGenerator.java,07672ec,ef40821,node
991,src/main/java/com/github/smartcommit/core/GroupGenerator.java,af3e2dc,249f149,node
992,src/main/java/com/github/smartcommit/core/GroupGenerator.java,578bde6,04e94e7,node
993,src/main/java/com/github/smartcommit/core/GroupGenerator.java,0a725eb,8fa4078,node
994,src/main/java/com/github/smartcommit/core/GroupGenerator.java,b556811,6388bf8,node
995,src/main/java/com/github/smartcommit/core/GroupGenerator.java,9367fac,2fa32c9,node
996,src/main/java/com/github/smartcommit/core/GroupGenerator.java,5e68cc9,839dc61,node
997,src/main/java/com/github/smartcommit/core/GroupGenerator.java,14914d5,24dda9b,node
998,src/main/java/com/github/smartcommit/core/GroupGenerator.java,cb55c2d,77d37d8,node
999,src/main/java/com/github/smartcommit/core/GroupGenerator.java,dad50b6,3f8622c,node
1000,src/main/java/com/github/smartcommit/core/GroupGenerator.java,615d6a3,4460dfd,node
1001,src/main/java/com/github/smartcommit/core/GroupGenerator.java,0aa48db,203093e,node
1002,src/main/java/com/github/smartcommit/core/GroupGenerator.java,fbb1349,c94f39a,node
1003,src/main/java/com/github/smartcommit/core/GroupGenerator.java,13f27e3,125d71e,node
1004,src/main/java/com/github/smartcommit/core/GroupGenerator.java,fbfd5d7,d10eb57,node
1005,src/main/java/com/github/smartcommit/core/GroupGenerator.java,7399a50,e30c68a,node
1006,src/main/java/com/github/smartcommit/core/GroupGenerator.java,99a0fad,5b95973,node
1007,src/main/java/com/github/smartcommit/core/GroupGenerator.java,22b4498,127fdf1,node
1008,src/main/java/com/github/smartcommit/core/GroupGenerator.java,de3f0eb,d7bac91,node
1009,src/main/java/com/github/smartcommit/core/GroupGenerator.java,3cac589,457a615,node
1010,src/main/java/com/github/smartcommit/core/GroupGenerator.java,253863f,4670642,node
1011,src/main/java/com/github/smartcommit/core/GroupGenerator.java,d814b81,670b95a,node
1012,src/main/java/com/github/smartcommit/core/GroupGenerator.java,4880bb0,8cf6eee,node
1013,src/main/java/com/github/smartcommit/core/GroupGenerator.java,fd92915,7e3d2f0,node
1014,src/main/java/com/github/smartcommit/core/GroupGenerator.java,e903781,9e75400,node
1015,src/main/java/com/github/smartcommit/core/GroupGenerator.java,efaec0e,c28befa,node
1016,src/main/java/com/github/smartcommit/core/GroupGenerator.java,db7e95a,65479a0,node
1017,src/main/java/com/github/smartcommit/core/GroupGenerator.java,5cbae14,8a0e35b,node
1018,src/main/java/com/github/smartcommit/core/GroupGenerator.java,2cd7e06,8664321,node
1019,src/main/java/com/github/smartcommit/core/GroupGenerator.java,a4bfa77,c9a442b,node
1020,src/main/java/com/github/smartcommit/core/GroupGenerator.java,b616b58,ba61f81,node
1021,src/test/java/com/github/smartcommit/TestContentType.java,455e776,0cfc210,node
1022,src/main/java/com/github/smartcommit/io/DataCollector.java,0cfc205,19c6ee7,node
1023,src/main/java/com/github/smartcommit/io/DataCollector.java,339f861,9368f42,node
1024,src/main/java/com/github/smartcommit/io/DataCollector.java,815b1a0,1b69902,node
1025,src/main/java/com/github/smartcommit/io/DataCollector.java,f8b8593,f522ae2,node
1026,src/main/java/com/github/smartcommit/io/DataCollector.java,e74763b,0172d22,node
1027,src/main/java/com/github/smartcommit/io/DataCollector.java,8dbce3d,27a1b49,node
1028,src/main/java/com/github/smartcommit/io/DataCollector.java,2bff586,5b02523,node
1029,src/main/java/com/github/smartcommit/io/DataCollector.java,e185d6c,37fba36,node
1030,src/main/java/com/github/smartcommit/io/DataCollector.java,fec0fe9,388a025,node
1031,src/main/java/com/github/smartcommit/io/DataCollector.java,cfadc7a,5c150f2,node
1032,src/main/java/com/github/smartcommit/io/DataCollector.java,209655c,3ecad59,node
1033,src/main/java/com/github/smartcommit/io/DataCollector.java,d5bb5b9,dd53688,node
1034,src/main/java/com/github/smartcommit/io/DataCollector.java,2c96c3a,995882c,node
1035,src/main/java/com/github/smartcommit/io/DataCollector.java,f91e23f,9ab6ed1,node
1036,src/main/java/com/github/smartcommit/io/DataCollector.java,e294212,fc9c295,node
1037,src/main/java/com/github/smartcommit/io/DataCollector.java,ec7493a,04d1baf,node
1038,src/main/java/com/github/smartcommit/io/DataCollector.java,e0631e6,9bc0f68,node
1039,src/main/java/com/github/smartcommit/io/DataCollector.java,3fb8bb5,ef27b99,node
1040,src/main/java/com/github/smartcommit/io/DataCollector.java,b52eff1,04e94e7,node
1041,src/main/java/com/github/smartcommit/io/DataCollector.java,1e7b27b,9eb9cb8,node
1042,src/main/java/com/github/smartcommit/io/DataCollector.java,bc743ad,bd62d5c,node
1043,src/main/java/com/github/smartcommit/io/DataCollector.java,769a93d,e469454,node
1044,src/main/java/com/github/smartcommit/io/DataCollector.java,34ae831,01a77db,node
1045,src/main/java/com/github/smartcommit/io/DataCollector.java,0cd9785,1204c6c,node
1046,src/main/java/com/github/smartcommit/io/DataCollector.java,b112a95,cfb8604,node
1047,src/main/java/com/github/smartcommit/io/DataCollector.java,0d21a39,f272cc5,node
1048,src/main/java/com/github/smartcommit/io/DataCollector.java,f718a77,1752b46,node
1049,src/main/java/com/github/smartcommit/io/DataCollector.java,93f910a,60f1a6b,node
1050,src/main/java/com/github/smartcommit/io/DataCollector.java,08543b1,4460dfd,node
1051,src/main/java/com/github/smartcommit/io/DataCollector.java,45a3094,b9881a7,node
1052,src/main/java/com/github/smartcommit/util/diffparser/api/UnifiedDiffParser.java,7fde0eb,9376a1d,node
1053,src/main/java/com/github/smartcommit/util/diffparser/api/UnifiedDiffParser.java,850e877,c92d8a5,node
1054,src/main/java/com/github/smartcommit/util/diffparser/api/UnifiedDiffParser.java,175c79d,98ea9d1,node
1055,src/main/java/com/github/smartcommit/model/entity/AnnotationMemberInfo.java,77eb69c,45738e7,node
1056,src/main/java/com/github/smartcommit/util/diffparser/api/model/Diff.java,96a1b53,9376a1d,node
1057,src/main/java/com/github/smartcommit/util/diffparser/api/model/Line.java,d3baf70,9376a1d,node
1058,src/main/java/com/github/smartcommit/util/diffparser/unified/ParseWindow.java,f8bccec,9376a1d,node
1059,src/main/java/com/github/smartcommit/client/RepoAnalyzer.java,d9401a9,c4806a1,node
1060,src/main/java/com/github/smartcommit/core/RepoAnalyzer.java,78ed4fd,3cd15d3,node
1061,src/main/java/com/github/smartcommit/core/RepoAnalyzer.java,9b97245,3b85a1e,node
1062,src/main/java/com/github/smartcommit/core/RepoAnalyzer.java,d415150,bc8d895,node
1063,src/main/java/com/github/smartcommit/core/RepoAnalyzer.java,d84f06c,dcd07cb,node
1064,src/main/java/com/github/smartcommit/core/RepoAnalyzer.java,3a4d2d7,e351b52,node
1065,src/main/java/com/github/smartcommit/core/RepoAnalyzer.java,caa272e,19c6ee7,node
1066,src/main/java/com/github/smartcommit/core/RepoAnalyzer.java,228408b,dd53688,node
1067,src/main/java/com/github/smartcommit/core/RepoAnalyzer.java,64a14b2,3e85b25,node
1068,src/main/java/com/github/smartcommit/core/RepoAnalyzer.java,ba6a937,fa5c95d,node
1069,src/main/java/com/github/smartcommit/core/RepoAnalyzer.java,3789711,6d1da3a,node
1070,src/main/java/com/github/smartcommit/core/RepoAnalyzer.java,0f4804e,a28602c,node
1071,src/main/java/com/github/smartcommit/core/RepoAnalyzer.java,e83e0fe,1752b46,node
1072,src/main/java/com/github/smartcommit/core/RepoAnalyzer.java,73430f6,d261a21,node
1073,src/main/java/com/github/smartcommit/core/RepoAnalyzer.java,4234cba,4237da9,node
1074,src/main/java/com/github/smartcommit/core/RepoAnalyzer.java,8ab56c3,ea4c8ce,node
1075,src/main/java/com/github/smartcommit/core/RepoAnalyzer.java,0828445,1d0a25d,node
1076,src/main/java/com/github/smartcommit/core/RepoAnalyzer.java,eafe47d,5bb071c,node
1077,src/main/java/com/github/smartcommit/model/entity/AnnotationInfo.java,b38199d,45738e7,node
1078,src/main/java/com/github/smartcommit/model/entity/AnnotationInfo.java,b0e8445,e0601e0,node
1079,src/main/java/com/github/smartcommit/io/DiffTypeProvider.java,ee5a013,5753c37,node
1080,src/main/java/com/github/smartcommit/model/diffgraph/DiffNode.java,806e53a,5753c37,node
1081,src/main/java/com/github/smartcommit/model/diffgraph/DiffNode.java,9759fd3,2ce269d,node
1082,src/main/java/com/github/smartcommit/model/diffgraph/DiffNode.java,d819106,39f4e83,node
1083,src/main/java/com/github/smartcommit/model/diffgraph/DiffNode.java,1f6a986,3ecad59,node
1084,src/main/java/com/github/smartcommit/model/diffgraph/DiffNode.java,df79ed2,995882c,node
1085,src/main/java/com/github/smartcommit/model/diffgraph/DiffNode.java,ca40268,a14ab58,node
1086,src/main/java/com/github/smartcommit/model/diffgraph/DiffNode.java,ce01835,249f149,node
1087,src/main/java/com/github/smartcommit/model/diffgraph/DiffNode.java,2c56d80,7e3d2f0,node
1088,src/main/java/com/github/smartcommit/model/diffgraph/DiffEdgeType.java,cea9482,5753c37,node
1089,src/main/java/com/github/smartcommit/model/diffgraph/DiffEdgeType.java,bbfd81b,3f8622c,node
1090,src/main/java/com/github/smartcommit/model/diffgraph/DiffEdgeType.java,8b2998b,ce64933,node
1091,src/main/java/com/github/smartcommit/model/diffgraph/DiffEdgeType.java,b827a01,82fb6c3,node
1092,src/main/java/com/github/smartcommit/model/diffgraph/DiffEdgeType.java,dfa7119,8cf6eee,node
1093,src/main/java/com/github/smartcommit/model/diffgraph/DiffEdgeType.java,8d2a132,fab39e1,node
1094,src/main/java/com/github/smartcommit/model/diffgraph/DiffEdgeType.java,9ddfd8d,9e75400,node
1095,src/main/java/com/github/smartcommit/model/constant/GroupLabel.java,993ff9e,76f8d1e,node
1096,src/main/java/com/github/smartcommit/model/constant/GroupLabel.java,f24bdff,6c3036b,node
1097,src/main/java/com/github/smartcommit/model/constant/GroupLabel.java,93e725e,7211f4b,node
1098,src/main/java/com/github/smartcommit/model/constant/GroupLabel.java,f01ede1,3a4e3b1,node
1099,src/main/java/com/github/smartcommit/model/constant/GroupLabel.java,40e3bb8,ce64933,node
1100,src/main/java/com/github/smartcommit/model/constant/GroupLabel.java,639e5bf,125d71e,node
1101,src/main/java/com/github/smartcommit/model/constant/GroupLabel.java,b9105f4,721a689,node
1102,src/main/java/com/github/smartcommit/model/constant/GroupLabel.java,ef69527,127fdf1,node
1103,src/main/java/com/github/smartcommit/intent/intents-selected.txt,ef015b1,6d86022,node
1104,src/main/java/com/github/smartcommit/intent/intents-selected.txt,000000,97059cc,node
1105,src/main/java/com/github/smartcommit/intent/MongoDBUtil.java,dfb76a1,22ef37d,node
1106,src/main/java/com/github/smartcommit/intent/MongoDBUtil.java,7889d7b,091c215,node
1107,src/main/java/com/github/smartcommit/intent/MongoDBUtil.java,000000,685216f,node
1108,src/main/java/com/github/smartcommit/util/GitServiceCGit.java,5169b5c,c4806a1,node
1109,src/main/java/com/github/smartcommit/util/GitServiceCGit.java,8d0b1dd,dcd07cb,node
1110,src/main/java/com/github/smartcommit/util/GitServiceCGit.java,8d35ebf,579f1f3,node
1111,src/main/java/com/github/smartcommit/util/GitServiceCGit.java,7007393,5bb0289,node
1112,src/main/java/com/github/smartcommit/util/GitServiceCGit.java,a64c1fc,d49a91a,node
1113,src/main/java/com/github/smartcommit/util/GitServiceCGit.java,4acfa44,0341d50,node
1114,src/main/java/com/github/smartcommit/util/GitServiceCGit.java,1415740,5857d4b,node
1115,src/main/java/com/github/smartcommit/util/GitServiceCGit.java,78ed21d,5474cf7,node
1116,src/main/java/com/github/smartcommit/util/GitServiceCGit.java,24990af,cf416b0,node
1117,src/main/java/com/github/smartcommit/util/GitServiceCGit.java,bacbf8f,17856c4,node
1118,src/main/java/com/github/smartcommit/util/GitServiceCGit.java,7f47bc5,37fba36,node
1119,src/main/java/com/github/smartcommit/util/GitServiceCGit.java,b971b30,4e0f7ff,node
1120,src/main/java/com/github/smartcommit/util/GitServiceCGit.java,2a8de87,e634282,node
1121,src/main/java/com/github/smartcommit/util/GitServiceCGit.java,a8fadd1,9376a1d,node
1122,src/main/java/com/github/smartcommit/util/GitServiceCGit.java,154a710,9bc0f68,node
1123,src/main/java/com/github/smartcommit/util/GitServiceCGit.java,8b5d613,5ddd4b7,node
1124,src/main/java/com/github/smartcommit/util/GitServiceCGit.java,76e02b7,75f6d1f,node
1125,src/main/java/com/github/smartcommit/util/GitServiceCGit.java,6080dd9,40f5b11,node
1126,src/main/java/com/github/smartcommit/util/GitServiceCGit.java,1016734,5753c37,node
1127,src/main/java/com/github/smartcommit/util/GitServiceCGit.java,6f322a0,45bee80,node
1128,src/main/java/com/github/smartcommit/util/GitServiceCGit.java,352de28,fc9c295,node
1129,src/main/java/com/github/smartcommit/util/GitServiceCGit.java,8b10465,fe1acd4,node
1130,src/main/java/com/github/smartcommit/util/GitServiceCGit.java,b5019eb,c42237c,node
1131,src/main/java/com/github/smartcommit/util/GitServiceCGit.java,bb79f9f,04e94e7,node
1132,src/main/java/com/github/smartcommit/util/GitServiceCGit.java,97c1db0,680a3a0,node
1133,src/main/java/com/github/smartcommit/util/GitServiceCGit.java,e21b0c8,fb2524f,node
1134,src/main/java/com/github/smartcommit/util/GitServiceCGit.java,190e5bb,daf5ade,node
1135,src/main/java/com/github/smartcommit/util/GitServiceCGit.java,112b86d,a22d15a,node
1136,src/main/java/com/github/smartcommit/util/GitServiceCGit.java,9d7f4fb,937ba6e,node
1137,src/main/java/com/github/smartcommit/util/GitServiceCGit.java,c379f98,0cb683a,node
1138,src/main/java/com/github/smartcommit/util/GitServiceCGit.java,0bedb81,6033c3c,node
1139,src/main/java/com/github/smartcommit/util/GitServiceCGit.java,2bf0466,660cab0,node
1140,src/main/java/com/github/smartcommit/util/GitServiceCGit.java,fe45768,0f8c7ff,node
1141,src/main/java/com/github/smartcommit/util/GitServiceCGit.java,157148a,ea4c8ce,node
1142,src/main/java/com/github/smartcommit/util/GitServiceCGit.java,e561568,1d0a25d,node
1143,src/main/java/com/github/smartcommit/util/GitServiceCGit.java,d4304f8,e00e370,node
1144,src/main/java/com/github/smartcommit/util/GitServiceCGit.java,79fb132,b2938b2,node
1145,src/main/java/com/github/smartcommit/util/GitServiceCGit.java,af31e43,3bc6249,node
1146,src/main/java/com/github/smartcommit/util/GitServiceCGit.java,382bd21,b9881a7,node
1147,src/main/java/com/github/smartcommit/util/GitServiceCGit.java,df5edab,6f2e314,node
1148,src/main/java/com/github/smartcommit/intent/MultiCommitInfoHandler.java,06ee765,68d7c65,node
1149,src/main/java/com/github/smartcommit/intent/MultiCommitInfoHandler.java,23265e1,b8d423e,node
1150,src/main/java/com/github/smartcommit/intent/MultiCommitInfoHandler.java,f0fad24,09e0f53,node
1151,src/main/java/com/github/smartcommit/intent/MultiCommitInfoHandler.java,000000,685216f,node
1152,src/main/java/com/github/smartcommit/intent/RepoList.txt,0d33610,68d7c65,node
1153,src/main/java/com/github/smartcommit/intent/RepoList.txt,62ef221,b8d423e,node
1154,src/main/java/com/github/smartcommit/intent/RepoList.txt,0c58897,09e0f53,node
1155,src/main/java/com/github/smartcommit/intent/RepoList.txt,dc5c519,d106794,node
1156,src/main/java/com/github/smartcommit/intent/RepoList.txt,4e6b323,2b96260,node
1157,src/main/java/com/github/smartcommit/intent/RepoList.txt,000000,685216f,node
1158,src/main/java/com/github/smartcommit/intent/pythonIntent/rf.model,96b9de2,33bb42e,node
1159,src/main/java/com/github/smartcommit/intent/pythonIntent/rf.model,000000,685216f,node
1160,src/test/java/com/github/smartcommit/TestDistance.java,f183cb2,a14ab58,node
1161,src/test/java/com/github/smartcommit/TestDistance.java,99a3a71,2b93861,node
1162,src/test/java/com/github/smartcommit/TestDistance.java,24c2e7e,910455e,node
